symbol,cycle_id,entry_ns,opened_ns,closed_ns,complete,failed,still_open_at_end,close_causes,entry_utc,opened_utc,closed_utc,strategy,source_run_id
ETHUSDT,ETHUSDT-1673683260001000000,1673683260001000000,,1673683440000000000,False,True,False,"[""opening_or_second_leg_failed""]",2023-01-14T08:01:00.001000000Z,,2023-01-14T08:04:00.000000000Z,conditional,run_ad71d751b20623006c195ff3
ETHUSDT,ETHUSDT-1673798460000000000,1673798460000000000,1673798580000000000,1679666460000000000,True,False,False,"[""real_market_inactivity""]",2023-01-15T16:01:00.000000000Z,2023-01-15T16:03:00.000000000Z,2023-03-24T14:01:00.000000000Z,conditional,run_ad71d751b20623006c195ff3
ETHUSDT,ETHUSDT-1699545660000000000,1699545660000000000,1699545780000000000,1704973680000000000,True,False,False,"[""margin""]",2023-11-09T16:01:00.000000000Z,2023-11-09T16:03:00.000000000Z,2024-01-11T11:48:00.000000000Z,conditional,run_ad71d751b20623006c195ff3
BTCUSDT,BTCUSDT-1699804860001000000,1699804860001000000,1699805040000000000,1704984420000000000,True,False,False,"[""margin""]",2023-11-12T16:01:00.001000000Z,2023-11-12T16:04:00.000000000Z,2024-01-11T14:47:00.000000000Z,conditional,run_ad71d751b20623006c195ff3
BTCUSDT,BTCUSDT-1708329660000000000,1708329660000000000,1708329780000000000,1709593500000000000,True,False,False,"[""margin""]",2024-02-19T08:01:00.000000000Z,2024-02-19T08:03:00.000000000Z,2024-03-04T23:05:00.000000000Z,conditional,run_ad71d751b20623006c195ff3
ETHUSDT,ETHUSDT-1708473660000000000,1708473660000000000,1708473780000000000,1709843460000000000,True,False,False,"[""margin""]",2024-02-21T00:01:00.000000000Z,2024-02-21T00:03:00.000000000Z,2024-03-07T20:31:00.000000000Z,conditional,run_ad71d751b20623006c195ff3
BTCUSDT,BTCUSDT-1709683260000000000,1709683260000000000,1709683380000000000,1724198700000000000,True,False,False,"[""holding_expiry""]",2024-03-06T00:01:00.000000000Z,2024-03-06T00:03:00.000000000Z,2024-08-21T00:05:00.000000000Z,conditional,run_ad71d751b20623006c195ff3
ETHUSDT,ETHUSDT-1709942460000000000,1709942460000000000,1709942580000000000,1723248360000000000,True,False,False,"[""holding_expiry""]",2024-03-09T00:01:00.000000000Z,2024-03-09T00:03:00.000000000Z,2024-08-10T00:06:00.000000000Z,conditional,run_ad71d751b20623006c195ff3
BTCUSDT,BTCUSDT-1731283260001000000,1731283260001000000,1731283440000000000,1734305160000000000,True,False,False,"[""margin""]",2024-11-11T00:01:00.001000000Z,2024-11-11T00:04:00.000000000Z,2024-12-15T23:26:00.000000000Z,conditional,run_ad71d751b20623006c195ff3
ETHUSDT,ETHUSDT-1731283260001000000,1731283260001000000,1731283440000000000,1745798820000000000,True,False,False,"[""holding_expiry""]",2024-11-11T00:01:00.001000000Z,2024-11-11T00:04:00.000000000Z,2025-04-28T00:07:00.000000000Z,conditional,run_ad71d751b20623006c195ff3
BTCUSDT,BTCUSDT-1641254460000000000,1641254460000000000,1641254580000000000,1653758220000000000,True,False,False,"[""real_market_inactivity""]",2022-01-04T00:01:00.000000000Z,2022-01-04T00:03:00.000000000Z,2022-05-28T17:17:00.000000000Z,permanent,run_dfea4b7ac1475668d5968c97
ETHUSDT,ETHUSDT-1641369660017000000,1641369660017000000,1641369840000000000,1653758220000000000,True,False,False,"[""real_market_inactivity""]",2022-01-05T08:01:00.017000000Z,2022-01-05T08:04:00.000000000Z,2022-05-28T17:17:00.000000000Z,permanent,run_dfea4b7ac1475668d5968c97
BTCUSDT,BTCUSDT-1654041660000000000,1654041660000000000,1654041780000000000,1679666460000000000,True,False,False,"[""real_market_inactivity""]",2022-06-01T00:01:00.000000000Z,2022-06-01T00:03:00.000000000Z,2023-03-24T14:01:00.000000000Z,permanent,run_dfea4b7ac1475668d5968c97
ETHUSDT,ETHUSDT-1658649660011000000,1658649660011000000,1658649840000000000,1673656860000000000,True,False,False,"[""basis_widening""]",2022-07-24T08:01:00.011000000Z,2022-07-24T08:04:00.000000000Z,2023-01-14T00:41:00.000000000Z,permanent,run_dfea4b7ac1475668d5968c97
ETHUSDT,ETHUSDT-1673769660002000000,1673769660002000000,,1673770080000000000,False,True,False,"[""opening_or_second_leg_failed""]",2023-01-15T08:01:00.002000000Z,,2023-01-15T08:08:00.000000000Z,permanent,run_dfea4b7ac1475668d5968c97
ETHUSDT,ETHUSDT-1673884860000000000,1673884860000000000,1673884980000000000,1679666460000000000,True,False,False,"[""real_market_inactivity""]",2023-01-16T16:01:00.000000000Z,2023-01-16T16:03:00.000000000Z,2023-03-24T14:01:00.000000000Z,permanent,run_dfea4b7ac1475668d5968c97
BTCUSDT,BTCUSDT-1681459260008000000,1681459260008000000,1681459440000000000,1699634880000000000,True,False,False,"[""real_market_inactivity""]",2023-04-14T08:01:00.008000000Z,2023-04-14T08:04:00.000000000Z,2023-11-10T16:48:00.000000000Z,permanent,run_dfea4b7ac1475668d5968c97
ETHUSDT,ETHUSDT-1681459260008000000,1681459260008000000,1681459440000000000,1704984720000000000,True,False,False,"[""margin""]",2023-04-14T08:01:00.008000000Z,2023-04-14T08:04:00.000000000Z,2024-01-11T14:52:00.000000000Z,permanent,run_dfea4b7ac1475668d5968c97
BTCUSDT,BTCUSDT-1699747260000000000,1699747260000000000,1699747380000000000,1704984240000000000,True,False,False,"[""margin""]",2023-11-12T00:01:00.000000000Z,2023-11-12T00:03:00.000000000Z,2024-01-11T14:44:00.000000000Z,permanent,run_dfea4b7ac1475668d5968c97
BTCUSDT,BTCUSDT-1705075260000000000,1705075260000000000,1705075380000000000,1709038020000000000,True,False,False,"[""margin""]",2024-01-12T16:01:00.000000000Z,2024-01-12T16:03:00.000000000Z,2024-02-27T12:47:00.000000000Z,permanent,run_dfea4b7ac1475668d5968c97
ETHUSDT,ETHUSDT-1705075260000000000,1705075260000000000,1705075380000000000,1709137980000000000,True,False,False,"[""margin""]",2024-01-12T16:01:00.000000000Z,2024-01-12T16:03:00.000000000Z,2024-02-28T16:33:00.000000000Z,permanent,run_dfea4b7ac1475668d5968c97
BTCUSDT,BTCUSDT-1709136060000000000,1709136060000000000,1709136180000000000,1730150160000000000,True,False,False,"[""real_market_inactivity""]",2024-02-28T16:01:00.000000000Z,2024-02-28T16:03:00.000000000Z,2024-10-28T21:16:00.000000000Z,permanent,run_dfea4b7ac1475668d5968c97
ETHUSDT,ETHUSDT-1709251260000000000,1709251260000000000,1709251380000000000,1730150160000000000,True,False,False,"[""real_market_inactivity""]",2024-03-01T00:01:00.000000000Z,2024-03-01T00:03:00.000000000Z,2024-10-28T21:16:00.000000000Z,permanent,run_dfea4b7ac1475668d5968c97
BTCUSDT,BTCUSDT-1730246460000000000,1730246460000000000,,1730246640000000000,False,True,False,"[""opening_or_second_leg_failed""]",2024-10-30T00:01:00.000000000Z,,2024-10-30T00:04:00.000000000Z,permanent,run_dfea4b7ac1475668d5968c97
ETHUSDT,ETHUSDT-1730246460000000000,1730246460000000000,,1730246580000000000,False,True,False,"[""opening_or_second_leg_failed""]",2024-10-30T00:01:00.000000000Z,,2024-10-30T00:03:00.000000000Z,permanent,run_dfea4b7ac1475668d5968c97
BTCUSDT,BTCUSDT-1730361660000000000,1730361660000000000,1730361780000000000,1732108680000000000,True,False,False,"[""margin""]",2024-10-31T08:01:00.000000000Z,2024-10-31T08:03:00.000000000Z,2024-11-20T13:18:00.000000000Z,permanent,run_dfea4b7ac1475668d5968c97
ETHUSDT,ETHUSDT-1730361660000000000,1730361660000000000,1730361780000000000,1731402120000000000,True,False,False,"[""margin""]",2024-10-31T08:01:00.000000000Z,2024-10-31T08:03:00.000000000Z,2024-11-12T09:02:00.000000000Z,permanent,run_dfea4b7ac1475668d5968c97
ETHUSDT,ETHUSDT-1731513660000000000,1731513660000000000,1731513780000000000,1754674860000000000,True,False,False,"[""margin""]",2024-11-13T16:01:00.000000000Z,2024-11-13T16:03:00.000000000Z,2025-08-08T17:41:00.000000000Z,permanent,run_dfea4b7ac1475668d5968c97
BTCUSDT,BTCUSDT-1732204860001000000,1732204860001000000,1732205040000000000,,False,False,True,[],2024-11-21T16:01:00.001000000Z,2024-11-21T16:04:00.000000000Z,,permanent,run_dfea4b7ac1475668d5968c97
ETHUSDT,ETHUSDT-1755100860006000000,1755100860006000000,1755101040000000000,,False,False,True,[],2025-08-13T16:01:00.006000000Z,2025-08-13T16:04:00.000000000Z,,permanent,run_dfea4b7ac1475668d5968c97
