period,symbol,kind,cause,purpose,count,strategy,source_run_id
full,BTCUSDT,close_requested,holding_expiry,,1,conditional,run_ad71d751b20623006c195ff3
full,BTCUSDT,close_requested,margin,,3,conditional,run_ad71d751b20623006c195ff3
full,BTCUSDT,close_requested,real_market_inactivity,,44,conditional,run_ad71d751b20623006c195ff3
full,BTCUSDT,rebalance_skipped,joint_sizing:insufficient_cash,,1,conditional,run_ad71d751b20623006c195ff3
full,BTCUSDT,renewal,,,37,conditional,run_ad71d751b20623006c195ff3
full,BTCUSDT,transition,cooldown_elapsed,,4,conditional,run_ad71d751b20623006c195ff3
full,BTCUSDT,transition,entry,,4,conditional,run_ad71d751b20623006c195ff3
full,BTCUSDT,transition,holding_expiry,,1,conditional,run_ad71d751b20623006c195ff3
full,BTCUSDT,transition,margin,,3,conditional,run_ad71d751b20623006c195ff3
full,BTCUSDT,transition,opening_complete,,4,conditional,run_ad71d751b20623006c195ff3
full,BTCUSDT,transition,ordinary_close_complete,,1,conditional,run_ad71d751b20623006c195ff3
full,BTCUSDT,transition,perpetual_closed_waiting_spot,,4,conditional,run_ad71d751b20623006c195ff3
full,BTCUSDT,transition,rebalance_complete,,16,conditional,run_ad71d751b20623006c195ff3
full,BTCUSDT,transition,renewal_rebalance,,16,conditional,run_ad71d751b20623006c195ff3
full,BTCUSDT,transition,spot_filled_waiting_hedge,,4,conditional,run_ad71d751b20623006c195ff3
full,BTCUSDT,transition,unwind_complete,,47,conditional,run_ad71d751b20623006c195ff3
full,ETHUSDT,attempt_failed,timeout,close_spot,122,conditional,run_ad71d751b20623006c195ff3
full,ETHUSDT,attempt_failed,timeout,open_spot,1,conditional,run_ad71d751b20623006c195ff3
full,ETHUSDT,close_requested,holding_expiry,,2,conditional,run_ad71d751b20623006c195ff3
full,ETHUSDT,close_requested,margin,,2,conditional,run_ad71d751b20623006c195ff3
full,ETHUSDT,close_requested,opening_or_second_leg_failed,,1,conditional,run_ad71d751b20623006c195ff3
full,ETHUSDT,close_requested,real_market_inactivity,,45,conditional,run_ad71d751b20623006c195ff3
full,ETHUSDT,renewal,,,63,conditional,run_ad71d751b20623006c195ff3
full,ETHUSDT,transition,cooldown_elapsed,,5,conditional,run_ad71d751b20623006c195ff3
full,ETHUSDT,transition,entry,,6,conditional,run_ad71d751b20623006c195ff3
full,ETHUSDT,transition,holding_expiry,,2,conditional,run_ad71d751b20623006c195ff3
full,ETHUSDT,transition,margin,,2,conditional,run_ad71d751b20623006c195ff3
full,ETHUSDT,transition,opening_complete,,5,conditional,run_ad71d751b20623006c195ff3
full,ETHUSDT,transition,opening_or_second_leg_failed,,1,conditional,run_ad71d751b20623006c195ff3
full,ETHUSDT,transition,ordinary_close_complete,,2,conditional,run_ad71d751b20623006c195ff3
full,ETHUSDT,transition,perpetual_closed_waiting_spot,,5,conditional,run_ad71d751b20623006c195ff3
full,ETHUSDT,transition,real_market_inactivity,,1,conditional,run_ad71d751b20623006c195ff3
full,ETHUSDT,transition,rebalance_complete,,33,conditional,run_ad71d751b20623006c195ff3
full,ETHUSDT,transition,renewal_rebalance,,33,conditional,run_ad71d751b20623006c195ff3
full,ETHUSDT,transition,spot_filled_waiting_hedge,,5,conditional,run_ad71d751b20623006c195ff3
full,ETHUSDT,transition,unwind_complete,,48,conditional,run_ad71d751b20623006c195ff3
2022-2023,BTCUSDT,renewal,,,7,conditional,run_ad71d751b20623006c195ff3
2022-2023,BTCUSDT,transition,entry,,1,conditional,run_ad71d751b20623006c195ff3
2022-2023,BTCUSDT,transition,opening_complete,,1,conditional,run_ad71d751b20623006c195ff3
2022-2023,BTCUSDT,transition,rebalance_complete,,3,conditional,run_ad71d751b20623006c195ff3
2022-2023,BTCUSDT,transition,renewal_rebalance,,3,conditional,run_ad71d751b20623006c195ff3
2022-2023,BTCUSDT,transition,spot_filled_waiting_hedge,,1,conditional,run_ad71d751b20623006c195ff3
2022-2023,ETHUSDT,attempt_failed,timeout,close_spot,120,conditional,run_ad71d751b20623006c195ff3
2022-2023,ETHUSDT,attempt_failed,timeout,open_spot,1,conditional,run_ad71d751b20623006c195ff3
2022-2023,ETHUSDT,close_requested,opening_or_second_leg_failed,,1,conditional,run_ad71d751b20623006c195ff3
2022-2023,ETHUSDT,close_requested,real_market_inactivity,,1,conditional,run_ad71d751b20623006c195ff3
2022-2023,ETHUSDT,renewal,,,16,conditional,run_ad71d751b20623006c195ff3
2022-2023,ETHUSDT,transition,cooldown_elapsed,,2,conditional,run_ad71d751b20623006c195ff3
2022-2023,ETHUSDT,transition,entry,,3,conditional,run_ad71d751b20623006c195ff3
2022-2023,ETHUSDT,transition,opening_complete,,2,conditional,run_ad71d751b20623006c195ff3
2022-2023,ETHUSDT,transition,opening_or_second_leg_failed,,1,conditional,run_ad71d751b20623006c195ff3
2022-2023,ETHUSDT,transition,perpetual_closed_waiting_spot,,1,conditional,run_ad71d751b20623006c195ff3
2022-2023,ETHUSDT,transition,real_market_inactivity,,1,conditional,run_ad71d751b20623006c195ff3
2022-2023,ETHUSDT,transition,rebalance_complete,,7,conditional,run_ad71d751b20623006c195ff3
2022-2023,ETHUSDT,transition,renewal_rebalance,,7,conditional,run_ad71d751b20623006c195ff3
2022-2023,ETHUSDT,transition,spot_filled_waiting_hedge,,2,conditional,run_ad71d751b20623006c195ff3
2022-2023,ETHUSDT,transition,unwind_complete,,2,conditional,run_ad71d751b20623006c195ff3
2024-2026-08,BTCUSDT,close_requested,holding_expiry,,1,conditional,run_ad71d751b20623006c195ff3
2024-2026-08,BTCUSDT,close_requested,margin,,3,conditional,run_ad71d751b20623006c195ff3
2024-2026-08,BTCUSDT,close_requested,real_market_inactivity,,44,conditional,run_ad71d751b20623006c195ff3
2024-2026-08,BTCUSDT,rebalance_skipped,joint_sizing:insufficient_cash,,1,conditional,run_ad71d751b20623006c195ff3
2024-2026-08,BTCUSDT,renewal,,,30,conditional,run_ad71d751b20623006c195ff3
2024-2026-08,BTCUSDT,transition,cooldown_elapsed,,4,conditional,run_ad71d751b20623006c195ff3
2024-2026-08,BTCUSDT,transition,entry,,3,conditional,run_ad71d751b20623006c195ff3
2024-2026-08,BTCUSDT,transition,holding_expiry,,1,conditional,run_ad71d751b20623006c195ff3
2024-2026-08,BTCUSDT,transition,margin,,3,conditional,run_ad71d751b20623006c195ff3
2024-2026-08,BTCUSDT,transition,opening_complete,,3,conditional,run_ad71d751b20623006c195ff3
2024-2026-08,BTCUSDT,transition,ordinary_close_complete,,1,conditional,run_ad71d751b20623006c195ff3
2024-2026-08,BTCUSDT,transition,perpetual_closed_waiting_spot,,4,conditional,run_ad71d751b20623006c195ff3
2024-2026-08,BTCUSDT,transition,rebalance_complete,,13,conditional,run_ad71d751b20623006c195ff3
2024-2026-08,BTCUSDT,transition,renewal_rebalance,,13,conditional,run_ad71d751b20623006c195ff3
2024-2026-08,BTCUSDT,transition,spot_filled_waiting_hedge,,3,conditional,run_ad71d751b20623006c195ff3
2024-2026-08,BTCUSDT,transition,unwind_complete,,47,conditional,run_ad71d751b20623006c195ff3
2024-2026-08,ETHUSDT,attempt_failed,timeout,close_spot,2,conditional,run_ad71d751b20623006c195ff3
2024-2026-08,ETHUSDT,close_requested,holding_expiry,,2,conditional,run_ad71d751b20623006c195ff3
2024-2026-08,ETHUSDT,close_requested,margin,,2,conditional,run_ad71d751b20623006c195ff3
2024-2026-08,ETHUSDT,close_requested,real_market_inactivity,,44,conditional,run_ad71d751b20623006c195ff3
2024-2026-08,ETHUSDT,renewal,,,47,conditional,run_ad71d751b20623006c195ff3
2024-2026-08,ETHUSDT,transition,cooldown_elapsed,,3,conditional,run_ad71d751b20623006c195ff3
2024-2026-08,ETHUSDT,transition,entry,,3,conditional,run_ad71d751b20623006c195ff3
2024-2026-08,ETHUSDT,transition,holding_expiry,,2,conditional,run_ad71d751b20623006c195ff3
2024-2026-08,ETHUSDT,transition,margin,,2,conditional,run_ad71d751b20623006c195ff3
2024-2026-08,ETHUSDT,transition,opening_complete,,3,conditional,run_ad71d751b20623006c195ff3
2024-2026-08,ETHUSDT,transition,ordinary_close_complete,,2,conditional,run_ad71d751b20623006c195ff3
2024-2026-08,ETHUSDT,transition,perpetual_closed_waiting_spot,,4,conditional,run_ad71d751b20623006c195ff3
2024-2026-08,ETHUSDT,transition,rebalance_complete,,26,conditional,run_ad71d751b20623006c195ff3
2024-2026-08,ETHUSDT,transition,renewal_rebalance,,26,conditional,run_ad71d751b20623006c195ff3
2024-2026-08,ETHUSDT,transition,spot_filled_waiting_hedge,,3,conditional,run_ad71d751b20623006c195ff3
2024-2026-08,ETHUSDT,transition,unwind_complete,,46,conditional,run_ad71d751b20623006c195ff3
full,BTCUSDT,attempt_failed,timeout,close_perp,115,permanent,run_dfea4b7ac1475668d5968c97
full,BTCUSDT,attempt_failed,timeout,close_spot,120,permanent,run_dfea4b7ac1475668d5968c97
full,BTCUSDT,attempt_failed,timeout,open_perp,1,permanent,run_dfea4b7ac1475668d5968c97
full,BTCUSDT,close_requested,margin,,3,permanent,run_dfea4b7ac1475668d5968c97
full,BTCUSDT,close_requested,opening_or_second_leg_failed,,1,permanent,run_dfea4b7ac1475668d5968c97
full,BTCUSDT,close_requested,real_market_inactivity,,4,permanent,run_dfea4b7ac1475668d5968c97
full,BTCUSDT,rebalance_skipped,joint_sizing:insufficient_cash,,75,permanent,run_dfea4b7ac1475668d5968c97
full,BTCUSDT,rebalance_skipped,joint_sizing:market_rules,,1,permanent,run_dfea4b7ac1475668d5968c97
full,BTCUSDT,renewal,,,234,permanent,run_dfea4b7ac1475668d5968c97
full,BTCUSDT,transition,cooldown_elapsed,,8,permanent,run_dfea4b7ac1475668d5968c97
full,BTCUSDT,transition,entry,,9,permanent,run_dfea4b7ac1475668d5968c97
full,BTCUSDT,transition,margin,,3,permanent,run_dfea4b7ac1475668d5968c97
full,BTCUSDT,transition,opening_complete,,8,permanent,run_dfea4b7ac1475668d5968c97
full,BTCUSDT,transition,opening_or_second_leg_failed,,1,permanent,run_dfea4b7ac1475668d5968c97
full,BTCUSDT,transition,perpetual_closed_waiting_spot,,7,permanent,run_dfea4b7ac1475668d5968c97
full,BTCUSDT,transition,real_market_inactivity,,4,permanent,run_dfea4b7ac1475668d5968c97
full,BTCUSDT,transition,rebalance_complete,,60,permanent,run_dfea4b7ac1475668d5968c97
full,BTCUSDT,transition,renewal_rebalance,,60,permanent,run_dfea4b7ac1475668d5968c97
full,BTCUSDT,transition,spot_filled_waiting_hedge,,9,permanent,run_dfea4b7ac1475668d5968c97
full,BTCUSDT,transition,unwind_complete,,8,permanent,run_dfea4b7ac1475668d5968c97
full,ETHUSDT,attempt_failed,timeout,close_perp,47,permanent,run_dfea4b7ac1475668d5968c97
full,ETHUSDT,attempt_failed,timeout,close_spot,122,permanent,run_dfea4b7ac1475668d5968c97
full,ETHUSDT,attempt_failed,timeout,open_perp,1,permanent,run_dfea4b7ac1475668d5968c97
full,ETHUSDT,attempt_failed,timeout,open_spot,1,permanent,run_dfea4b7ac1475668d5968c97
full,ETHUSDT,close_requested,basis_widening,,3,permanent,run_dfea4b7ac1475668d5968c97
full,ETHUSDT,close_requested,margin,,4,permanent,run_dfea4b7ac1475668d5968c97
full,ETHUSDT,close_requested,opening_or_second_leg_failed,,2,permanent,run_dfea4b7ac1475668d5968c97
full,ETHUSDT,close_requested,real_market_inactivity,,3,permanent,run_dfea4b7ac1475668d5968c97
full,ETHUSDT,rebalance_skipped,joint_sizing:insufficient_cash,,90,permanent,run_dfea4b7ac1475668d5968c97
full,ETHUSDT,renewal,,,224,permanent,run_dfea4b7ac1475668d5968c97
full,ETHUSDT,transition,basis_widening,,1,permanent,run_dfea4b7ac1475668d5968c97
full,ETHUSDT,transition,cooldown_elapsed,,10,permanent,run_dfea4b7ac1475668d5968c97
full,ETHUSDT,transition,entry,,11,permanent,run_dfea4b7ac1475668d5968c97
full,ETHUSDT,transition,margin,,4,permanent,run_dfea4b7ac1475668d5968c97
full,ETHUSDT,transition,opening_complete,,9,permanent,run_dfea4b7ac1475668d5968c97
full,ETHUSDT,transition,opening_or_second_leg_failed,,2,permanent,run_dfea4b7ac1475668d5968c97
full,ETHUSDT,transition,perpetual_closed_waiting_spot,,9,permanent,run_dfea4b7ac1475668d5968c97
full,ETHUSDT,transition,real_market_inactivity,,3,permanent,run_dfea4b7ac1475668d5968c97
full,ETHUSDT,transition,rebalance_complete,,69,permanent,run_dfea4b7ac1475668d5968c97
full,ETHUSDT,transition,renewal_rebalance,,69,permanent,run_dfea4b7ac1475668d5968c97
full,ETHUSDT,transition,spot_filled_waiting_hedge,,10,permanent,run_dfea4b7ac1475668d5968c97
full,ETHUSDT,transition,unwind_complete,,12,permanent,run_dfea4b7ac1475668d5968c97
2022-2023,BTCUSDT,attempt_failed,timeout,close_perp,72,permanent,run_dfea4b7ac1475668d5968c97
2022-2023,BTCUSDT,attempt_failed,timeout,close_spot,120,permanent,run_dfea4b7ac1475668d5968c97
2022-2023,BTCUSDT,close_requested,real_market_inactivity,,3,permanent,run_dfea4b7ac1475668d5968c97
2022-2023,BTCUSDT,rebalance_skipped,joint_sizing:insufficient_cash,,24,permanent,run_dfea4b7ac1475668d5968c97
2022-2023,BTCUSDT,renewal,,,99,permanent,run_dfea4b7ac1475668d5968c97
2022-2023,BTCUSDT,transition,cooldown_elapsed,,3,permanent,run_dfea4b7ac1475668d5968c97
2022-2023,BTCUSDT,transition,entry,,4,permanent,run_dfea4b7ac1475668d5968c97
2022-2023,BTCUSDT,transition,opening_complete,,4,permanent,run_dfea4b7ac1475668d5968c97
2022-2023,BTCUSDT,transition,perpetual_closed_waiting_spot,,3,permanent,run_dfea4b7ac1475668d5968c97
2022-2023,BTCUSDT,transition,real_market_inactivity,,3,permanent,run_dfea4b7ac1475668d5968c97
2022-2023,BTCUSDT,transition,rebalance_complete,,24,permanent,run_dfea4b7ac1475668d5968c97
2022-2023,BTCUSDT,transition,renewal_rebalance,,24,permanent,run_dfea4b7ac1475668d5968c97
2022-2023,BTCUSDT,transition,spot_filled_waiting_hedge,,4,permanent,run_dfea4b7ac1475668d5968c97
2022-2023,BTCUSDT,transition,unwind_complete,,3,permanent,run_dfea4b7ac1475668d5968c97
2022-2023,ETHUSDT,attempt_failed,timeout,close_perp,4,permanent,run_dfea4b7ac1475668d5968c97
2022-2023,ETHUSDT,attempt_failed,timeout,close_spot,122,permanent,run_dfea4b7ac1475668d5968c97
2022-2023,ETHUSDT,attempt_failed,timeout,open_perp,1,permanent,run_dfea4b7ac1475668d5968c97
2022-2023,ETHUSDT,close_requested,basis_widening,,3,permanent,run_dfea4b7ac1475668d5968c97
2022-2023,ETHUSDT,close_requested,opening_or_second_leg_failed,,1,permanent,run_dfea4b7ac1475668d5968c97
2022-2023,ETHUSDT,close_requested,real_market_inactivity,,2,permanent,run_dfea4b7ac1475668d5968c97
2022-2023,ETHUSDT,rebalance_skipped,joint_sizing:insufficient_cash,,42,permanent,run_dfea4b7ac1475668d5968c97
2022-2023,ETHUSDT,renewal,,,90,permanent,run_dfea4b7ac1475668d5968c97
2022-2023,ETHUSDT,transition,basis_widening,,1,permanent,run_dfea4b7ac1475668d5968c97
2022-2023,ETHUSDT,transition,cooldown_elapsed,,4,permanent,run_dfea4b7ac1475668d5968c97
2022-2023,ETHUSDT,transition,entry,,5,permanent,run_dfea4b7ac1475668d5968c97
2022-2023,ETHUSDT,transition,opening_complete,,4,permanent,run_dfea4b7ac1475668d5968c97
2022-2023,ETHUSDT,transition,opening_or_second_leg_failed,,1,permanent,run_dfea4b7ac1475668d5968c97
2022-2023,ETHUSDT,transition,perpetual_closed_waiting_spot,,4,permanent,run_dfea4b7ac1475668d5968c97
2022-2023,ETHUSDT,transition,real_market_inactivity,,2,permanent,run_dfea4b7ac1475668d5968c97
2022-2023,ETHUSDT,transition,rebalance_complete,,23,permanent,run_dfea4b7ac1475668d5968c97
2022-2023,ETHUSDT,transition,renewal_rebalance,,23,permanent,run_dfea4b7ac1475668d5968c97
2022-2023,ETHUSDT,transition,spot_filled_waiting_hedge,,5,permanent,run_dfea4b7ac1475668d5968c97
2022-2023,ETHUSDT,transition,unwind_complete,,6,permanent,run_dfea4b7ac1475668d5968c97
2024-2026-08,BTCUSDT,attempt_failed,timeout,close_perp,43,permanent,run_dfea4b7ac1475668d5968c97
2024-2026-08,BTCUSDT,attempt_failed,timeout,open_perp,1,permanent,run_dfea4b7ac1475668d5968c97
2024-2026-08,BTCUSDT,close_requested,margin,,3,permanent,run_dfea4b7ac1475668d5968c97
2024-2026-08,BTCUSDT,close_requested,opening_or_second_leg_failed,,1,permanent,run_dfea4b7ac1475668d5968c97
2024-2026-08,BTCUSDT,close_requested,real_market_inactivity,,1,permanent,run_dfea4b7ac1475668d5968c97
2024-2026-08,BTCUSDT,rebalance_skipped,joint_sizing:insufficient_cash,,51,permanent,run_dfea4b7ac1475668d5968c97
2024-2026-08,BTCUSDT,rebalance_skipped,joint_sizing:market_rules,,1,permanent,run_dfea4b7ac1475668d5968c97
2024-2026-08,BTCUSDT,renewal,,,135,permanent,run_dfea4b7ac1475668d5968c97
2024-2026-08,BTCUSDT,transition,cooldown_elapsed,,5,permanent,run_dfea4b7ac1475668d5968c97
2024-2026-08,BTCUSDT,transition,entry,,5,permanent,run_dfea4b7ac1475668d5968c97
2024-2026-08,BTCUSDT,transition,margin,,3,permanent,run_dfea4b7ac1475668d5968c97
2024-2026-08,BTCUSDT,transition,opening_complete,,4,permanent,run_dfea4b7ac1475668d5968c97
2024-2026-08,BTCUSDT,transition,opening_or_second_leg_failed,,1,permanent,run_dfea4b7ac1475668d5968c97
2024-2026-08,BTCUSDT,transition,perpetual_closed_waiting_spot,,4,permanent,run_dfea4b7ac1475668d5968c97
2024-2026-08,BTCUSDT,transition,real_market_inactivity,,1,permanent,run_dfea4b7ac1475668d5968c97
2024-2026-08,BTCUSDT,transition,rebalance_complete,,36,permanent,run_dfea4b7ac1475668d5968c97
2024-2026-08,BTCUSDT,transition,renewal_rebalance,,36,permanent,run_dfea4b7ac1475668d5968c97
2024-2026-08,BTCUSDT,transition,spot_filled_waiting_hedge,,5,permanent,run_dfea4b7ac1475668d5968c97
2024-2026-08,BTCUSDT,transition,unwind_complete,,5,permanent,run_dfea4b7ac1475668d5968c97
2024-2026-08,ETHUSDT,attempt_failed,timeout,close_perp,43,permanent,run_dfea4b7ac1475668d5968c97
2024-2026-08,ETHUSDT,attempt_failed,timeout,open_spot,1,permanent,run_dfea4b7ac1475668d5968c97
2024-2026-08,ETHUSDT,close_requested,margin,,4,permanent,run_dfea4b7ac1475668d5968c97
2024-2026-08,ETHUSDT,close_requested,opening_or_second_leg_failed,,1,permanent,run_dfea4b7ac1475668d5968c97
2024-2026-08,ETHUSDT,close_requested,real_market_inactivity,,1,permanent,run_dfea4b7ac1475668d5968c97
2024-2026-08,ETHUSDT,rebalance_skipped,joint_sizing:insufficient_cash,,48,permanent,run_dfea4b7ac1475668d5968c97
2024-2026-08,ETHUSDT,renewal,,,134,permanent,run_dfea4b7ac1475668d5968c97
2024-2026-08,ETHUSDT,transition,cooldown_elapsed,,6,permanent,run_dfea4b7ac1475668d5968c97
2024-2026-08,ETHUSDT,transition,entry,,6,permanent,run_dfea4b7ac1475668d5968c97
2024-2026-08,ETHUSDT,transition,margin,,4,permanent,run_dfea4b7ac1475668d5968c97
2024-2026-08,ETHUSDT,transition,opening_complete,,5,permanent,run_dfea4b7ac1475668d5968c97
2024-2026-08,ETHUSDT,transition,opening_or_second_leg_failed,,1,permanent,run_dfea4b7ac1475668d5968c97
2024-2026-08,ETHUSDT,transition,perpetual_closed_waiting_spot,,5,permanent,run_dfea4b7ac1475668d5968c97
2024-2026-08,ETHUSDT,transition,real_market_inactivity,,1,permanent,run_dfea4b7ac1475668d5968c97
2024-2026-08,ETHUSDT,transition,rebalance_complete,,46,permanent,run_dfea4b7ac1475668d5968c97
2024-2026-08,ETHUSDT,transition,renewal_rebalance,,46,permanent,run_dfea4b7ac1475668d5968c97
2024-2026-08,ETHUSDT,transition,spot_filled_waiting_hedge,,5,permanent,run_dfea4b7ac1475668d5968c97
2024-2026-08,ETHUSDT,transition,unwind_complete,,6,permanent,run_dfea4b7ac1475668d5968c97
