run_id,symbol,fact_id,source_id,temporal_kind,diagnostic_anchor_utc,existing_short_quantity,last_ledger_event_id,last_ledger_timestamp_utc,existing_positions_affected,known_from_utc,subsequent_increase_fills_before_flat,increase_fill_ids,cohort_closed_at_ns,scope
run_ad71d751b20623006c195ff3,ETHUSDT,TIERS_MARG22_ETHUSDT_after,MARG22,exact_event,2022-09-13T07:00:00Z,0,,,True,,0,,,quantity_reconstructed_from_recorded_ledger_no_policy_applied
run_dfea4b7ac1475668d5968c97,ETHUSDT,TIERS_MARG22_ETHUSDT_after,MARG22,exact_event,2022-09-13T07:00:00Z,1.721,funding:ETHUSDT:1663027200004000000,2022-09-13T00:00:00.004000000Z,True,,2,fill-permanent-00000058-1664697960000000000|fill-permanent-00000060-1672560360000000000,1673656800000000000,quantity_reconstructed_from_recorded_ledger_no_policy_applied
run_ad71d751b20623006c195ff3,BTCUSDT,TIERS_MARG23_BTCUSDT_after,MARG23,exact_event,2023-12-24T09:35:00Z,0.072,funding:BTCUSDT:1703404800000000000,2023-12-24T08:00:00.000000000Z,False,,0,,1704984360000000000,quantity_reconstructed_from_recorded_ledger_no_policy_applied
run_dfea4b7ac1475668d5968c97,BTCUSDT,TIERS_MARG23_BTCUSDT_after,MARG23,exact_event,2023-12-24T09:35:00Z,0.072,funding:BTCUSDT:1703404800000000000,2023-12-24T08:00:00.000000000Z,False,,0,,1704984180000000000,quantity_reconstructed_from_recorded_ledger_no_policy_applied
run_ad71d751b20623006c195ff3,ETHUSDT,TIERS_MARG23_ETHUSDT_after,MARG23,exact_event,2023-12-24T09:35:00Z,1.306,funding:ETHUSDT:1703404800000000000,2023-12-24T08:00:00.000000000Z,False,,0,,1704973620000000000,quantity_reconstructed_from_recorded_ledger_no_policy_applied
run_dfea4b7ac1475668d5968c97,ETHUSDT,TIERS_MARG23_ETHUSDT_after,MARG23,exact_event,2023-12-24T09:35:00Z,1.342,funding:ETHUSDT:1703404800000000000,2023-12-24T08:00:00.000000000Z,False,,1,fill-permanent-00000446-1704441960000000000,1704984660000000000,quantity_reconstructed_from_recorded_ledger_no_policy_applied
run_ad71d751b20623006c195ff3,BTCUSDT,TIERS_MARG24_BTCUSDT_after,MARG24,approximate_rollout,2024-05-28T10:30:00Z,0.045,funding:BTCUSDT:1716883200000000000,2024-05-28T08:00:00.000000000Z,False,,3,fill-conditional-00000198-1718755500000000000|fill-conditional-00000200-1719360300000000000|fill-conditional-00000212-1722989100000000000,1724198640000000000,quantity_reconstructed_from_recorded_ledger_no_policy_applied
run_dfea4b7ac1475668d5968c97,BTCUSDT,TIERS_MARG24_BTCUSDT_after,MARG24,approximate_rollout,2024-05-28T10:30:00Z,0.046,funding:BTCUSDT:1716883200000000000,2024-05-28T08:00:00.000000000Z,False,,5,fill-permanent-00000514-1716998700000000000|fill-permanent-00000520-1718813100000000000|fill-permanent-00000522-1719417900000000000|fill-permanent-00000526-1720627500000000000|fill-permanent-00000534-1723046700000000000,1730150100000000000,quantity_reconstructed_from_recorded_ledger_no_policy_applied
run_ad71d751b20623006c195ff3,ETHUSDT,TIERS_MARG24_ETHUSDT_after,MARG24,approximate_rollout,2024-05-28T10:30:00Z,0.847,funding:ETHUSDT:1716883200000000000,2024-05-28T08:00:00.000000000Z,False,,4,fill-conditional-00000196-1718409900000000000|fill-conditional-00000202-1720224300000000000|fill-conditional-00000208-1722038700000000000|fill-conditional-00000210-1722643500000000000,1723248240000000000,quantity_reconstructed_from_recorded_ledger_no_policy_applied
run_dfea4b7ac1475668d5968c97,ETHUSDT,TIERS_MARG24_ETHUSDT_after,MARG24,approximate_rollout,2024-05-28T10:30:00Z,0.874,funding:ETHUSDT:1716883200000000000,2024-05-28T08:00:00.000000000Z,False,,6,fill-permanent-00000518-1718323500000000000|fill-permanent-00000524-1720137900000000000|fill-permanent-00000532-1721952300000000000|fill-permanent-00000536-1723161900000000000|fill-permanent-00000540-1724371500000000000|fill-permanent-00000544-1728000300000000000,1730150100000000000,quantity_reconstructed_from_recorded_ledger_no_policy_applied
run_ad71d751b20623006c195ff3,BTCUSDT,TIERS_MARGBTC25_BTCUSDT_after,MARGBTC25,approximate_rollout,2025-06-17T06:30:00Z,0.000,fill:fill-conditional-00000231-1734305160000000000,2024-12-15T23:26:00.000000000Z,True,,0,,,quantity_reconstructed_from_recorded_ledger_no_policy_applied
run_dfea4b7ac1475668d5968c97,BTCUSDT,TIERS_MARGBTC25_BTCUSDT_after,MARGBTC25,approximate_rollout,2025-06-17T06:30:00Z,0.032,funding:BTCUSDT:1750118400000000000,2025-06-17T00:00:00.000000000Z,True,,4,fill-permanent-00000701-1754582760000000000|fill-permanent-00000709-1755792360000000000|fill-permanent-00000723-1760630760000000000|fill-permanent-00000727-1762445160000000000,,quantity_reconstructed_from_recorded_ledger_no_policy_applied
run_ad71d751b20623006c195ff3,BTCUSDT,TIERS_MARGAUG25_BTCUSDT_after,MARGAUG25,approximate_rollout,2025-08-19T06:30:00Z,0.000,fill:fill-conditional-00000231-1734305160000000000,2024-12-15T23:26:00.000000000Z,True,,0,,,quantity_reconstructed_from_recorded_ledger_no_policy_applied
run_dfea4b7ac1475668d5968c97,BTCUSDT,TIERS_MARGAUG25_BTCUSDT_after,MARGAUG25,approximate_rollout,2025-08-19T06:30:00Z,0.029,funding:BTCUSDT:1755561600000000000,2025-08-19T00:00:00.000000000Z,True,,3,fill-permanent-00000709-1755792360000000000|fill-permanent-00000723-1760630760000000000|fill-permanent-00000727-1762445160000000000,,quantity_reconstructed_from_recorded_ledger_no_policy_applied
run_ad71d751b20623006c195ff3,ETHUSDT,TIERS_MARGAUG25_ETHUSDT_after,MARGAUG25,approximate_rollout,2025-08-19T06:30:00Z,0.000,fill:fill-conditional-00000258-1745798820000000000,2025-04-28T00:07:00.000000000Z,True,,0,,,quantity_reconstructed_from_recorded_ledger_no_policy_applied
run_dfea4b7ac1475668d5968c97,ETHUSDT,TIERS_MARGAUG25_ETHUSDT_after,MARGAUG25,approximate_rollout,2025-08-19T06:30:00Z,0.739,funding:ETHUSDT:1755561600000000000,2025-08-19T00:00:00.000000000Z,True,,9,fill-permanent-00000707-1755705960000000000|fill-permanent-00000713-1757520360000000000|fill-permanent-00000715-1758729960000000000|fill-permanent-00000721-1760544360000000000|fill-permanent-00000725-1762358760000000000|fill-permanent-00000729-1763568360000000000|fill-permanent-00000731-1767197160000000000|fill-permanent-00000733-1783526760000000000|fill-permanent-00000735-1787760360000000000,,quantity_reconstructed_from_recorded_ledger_no_policy_applied
