path,bytes,sha256,read_purpose
C:\Users\pablo\Documentos\UCEMA\Tesina\Backtesting\data\research\historical-rules-followup-20260924T234206Z\manifest.json,31688,629915f074a29fed6a7686e9b9af2a9279e0ff0601c1121c965c46539f5c99fb,manifiesto sellado
C:\Users\pablo\Documentos\UCEMA\Tesina\Backtesting\data\research\historical-rules-followup-20260924T234206Z\.gitattributes,29,730a35ae3d558080083c3103d9ac8100c3f6561678092abe341701dfa331eb1d,miembro sellado íntegro
C:\Users\pablo\Documentos\UCEMA\Tesina\Backtesting\data\research\historical-rules-followup-20260924T234206Z\busquedas.jsonl,73367,aae5455f72dee37bcc5071ee32660311a82e014e82223d2d9399dbfe2bb20d6f,miembro sellado íntegro
C:\Users\pablo\Documentos\UCEMA\Tesina\Backtesting\data\research\historical-rules-followup-20260924T234206Z\cobertura.csv,105383,6d59d56bdfdbcbd10f6866e762551e55e08633572cc681eb2359fd48ec8bdc5d,miembro sellado íntegro; 479 filas cobertura
C:\Users\pablo\Documentos\UCEMA\Tesina\Backtesting\data\research\historical-rules-followup-20260924T234206Z\construir_registro.py,30226,693de57c892c1ccfcd52e3ca53a1ffa276a6f700705d7502b92552622abe88b7,miembro sellado íntegro
C:\Users\pablo\Documentos\UCEMA\Tesina\Backtesting\data\research\historical-rules-followup-20260924T234206Z\descargas.jsonl,25617,6397d60d794c7eabc3152282ee78f4007a601bcf4a18bec3bed6c7009bc3971c,miembro sellado íntegro
C:\Users\pablo\Documentos\UCEMA\Tesina\Backtesting\data\research\historical-rules-followup-20260924T234206Z\descargas_01.json,1539,bac928826b97037071aad5fa75e02faf85872fcc9bb5b4d65636102278139966,miembro sellado íntegro
C:\Users\pablo\Documentos\UCEMA\Tesina\Backtesting\data\research\historical-rules-followup-20260924T234206Z\descargas_02.json,1565,07f1933c0087fa0d840d3afb418e4e8da8a395ce13d55c255ea6614b2c5f443d,miembro sellado íntegro
C:\Users\pablo\Documentos\UCEMA\Tesina\Backtesting\data\research\historical-rules-followup-20260924T234206Z\descargas_03.json,1282,76bb56be37c9af1c6bea0335fc8ea9a842cc667899409c1b5a7c91ff5f1a4f46,miembro sellado íntegro
C:\Users\pablo\Documentos\UCEMA\Tesina\Backtesting\data\research\historical-rules-followup-20260924T234206Z\descargas_04.json,939,3a3c3430a6e5e5c5dab2f4b228e41368b769a328b68cef242340da228b0e6c5b,miembro sellado íntegro
C:\Users\pablo\Documentos\UCEMA\Tesina\Backtesting\data\research\historical-rules-followup-20260924T234206Z\descargas_05.json,405,cdc6f968830492632e339ff3dc1ac2247f2db506dad08c6d70d408568ed2468b,miembro sellado íntegro
C:\Users\pablo\Documentos\UCEMA\Tesina\Backtesting\data\research\historical-rules-followup-20260924T234206Z\estado_inicial.json,147182,c31640bfabcf29e7015da5354c540ce348b09fd20ca15e0ff65be4a27e5a50be,miembro sellado íntegro; lectura íntegra de antecedentes sellados
C:\Users\pablo\Documentos\UCEMA\Tesina\Backtesting\data\research\historical-rules-followup-20260924T234206Z\extraidos\A1.txt,6593,c168d19b946db1b38714f4e6c66fd93b7e17456e4edb71a6822a9e71863a4b9f,miembro sellado íntegro
C:\Users\pablo\Documentos\UCEMA\Tesina\Backtesting\data\research\historical-rules-followup-20260924T234206Z\extraidos\A1_ssr.json,5149,9e1c5489898b65c8cba99f53e56454b8ba749ac11c9cebc6d79ae384292b1fca,miembro sellado íntegro
C:\Users\pablo\Documentos\UCEMA\Tesina\Backtesting\data\research\historical-rules-followup-20260924T234206Z\extraidos\A2.txt,8955,0f05207dab916cf1c46eeda2d1294f7fe7c9bb15e2b6dc436350970824f530f0,miembro sellado íntegro
C:\Users\pablo\Documentos\UCEMA\Tesina\Backtesting\data\research\historical-rules-followup-20260924T234206Z\extraidos\A3.txt,7203,747f21436129bf35ebbe10a85040660f797b4eb37fbc51366c1d2dcc70691245,miembro sellado íntegro
C:\Users\pablo\Documentos\UCEMA\Tesina\Backtesting\data\research\historical-rules-followup-20260924T234206Z\extraidos\A4.txt,8903,82e7bf066a859373ad08dc0da1d85a979437be106e8c3eb234f006cc44c10d67,miembro sellado íntegro
C:\Users\pablo\Documentos\UCEMA\Tesina\Backtesting\data\research\historical-rules-followup-20260924T234206Z\extraidos\A4_embedded.json,481056,924b767abbf797774520ef54487bc6ae7dfe29f60967ba5465500756faba5c24,miembro sellado íntegro
C:\Users\pablo\Documentos\UCEMA\Tesina\Backtesting\data\research\historical-rules-followup-20260924T234206Z\extraidos\A4_tablas.json,3,37517e5f3dc66819f61f5a7bb8ace1921282415f10551d2defa5c3eb0985b570,miembro sellado íntegro
C:\Users\pablo\Documentos\UCEMA\Tesina\Backtesting\data\research\historical-rules-followup-20260924T234206Z\extraidos\CDX_FAQ.txt,580,04c81dc70f20794c3726dbb95a138598ed3560d26cab764e046412aa1cc0308a,miembro sellado íntegro
C:\Users\pablo\Documentos\UCEMA\Tesina\Backtesting\data\research\historical-rules-followup-20260924T234206Z\extraidos\CDX_FAQ_tablas.json,3,37517e5f3dc66819f61f5a7bb8ace1921282415f10551d2defa5c3eb0985b570,miembro sellado íntegro
C:\Users\pablo\Documentos\UCEMA\Tesina\Backtesting\data\research\historical-rules-followup-20260924T234206Z\extraidos\CDX_FEE.txt,518,5c4617d6469c48559a2759a460f011c955e9bb0552c9097d345a1c2ed1e34b16,miembro sellado íntegro
C:\Users\pablo\Documentos\UCEMA\Tesina\Backtesting\data\research\historical-rules-followup-20260924T234206Z\extraidos\CDX_FEE_AU.txt,2,4f53cda18c2baa0c0354bb5f9a3ecbe5ed12ab4d8e11ba873c2f11161202b945,miembro sellado íntegro
C:\Users\pablo\Documentos\UCEMA\Tesina\Backtesting\data\research\historical-rules-followup-20260924T234206Z\extraidos\CDX_FEE_AU_tablas.json,3,37517e5f3dc66819f61f5a7bb8ace1921282415f10551d2defa5c3eb0985b570,miembro sellado íntegro
C:\Users\pablo\Documentos\UCEMA\Tesina\Backtesting\data\research\historical-rules-followup-20260924T234206Z\extraidos\CDX_FEE_CN.txt,2,4f53cda18c2baa0c0354bb5f9a3ecbe5ed12ab4d8e11ba873c2f11161202b945,miembro sellado íntegro
C:\Users\pablo\Documentos\UCEMA\Tesina\Backtesting\data\research\historical-rules-followup-20260924T234206Z\extraidos\CDX_FEE_CN_tablas.json,3,37517e5f3dc66819f61f5a7bb8ace1921282415f10551d2defa5c3eb0985b570,miembro sellado íntegro
C:\Users\pablo\Documentos\UCEMA\Tesina\Backtesting\data\research\historical-rules-followup-20260924T234206Z\extraidos\CDX_FEE_ES.txt,2,4f53cda18c2baa0c0354bb5f9a3ecbe5ed12ab4d8e11ba873c2f11161202b945,miembro sellado íntegro
C:\Users\pablo\Documentos\UCEMA\Tesina\Backtesting\data\research\historical-rules-followup-20260924T234206Z\extraidos\CDX_FEE_ES_tablas.json,3,37517e5f3dc66819f61f5a7bb8ace1921282415f10551d2defa5c3eb0985b570,miembro sellado íntegro
C:\Users\pablo\Documentos\UCEMA\Tesina\Backtesting\data\research\historical-rules-followup-20260924T234206Z\extraidos\CDX_FEE_OLD.txt,761,d41aa116376defd7244223112e3fb33f77f61173a6ef671c74689b111f4752cd,miembro sellado íntegro
C:\Users\pablo\Documentos\UCEMA\Tesina\Backtesting\data\research\historical-rules-followup-20260924T234206Z\extraidos\CDX_FEE_OLD_tablas.json,3,37517e5f3dc66819f61f5a7bb8ace1921282415f10551d2defa5c3eb0985b570,miembro sellado íntegro
C:\Users\pablo\Documentos\UCEMA\Tesina\Backtesting\data\research\historical-rules-followup-20260924T234206Z\extraidos\CDX_FEE_tablas.json,3,37517e5f3dc66819f61f5a7bb8ace1921282415f10551d2defa5c3eb0985b570,miembro sellado íntegro
C:\Users\pablo\Documentos\UCEMA\Tesina\Backtesting\data\research\historical-rules-followup-20260924T234206Z\extraidos\CDX_FEEPREFIX.txt,761,d41aa116376defd7244223112e3fb33f77f61173a6ef671c74689b111f4752cd,miembro sellado íntegro
C:\Users\pablo\Documentos\UCEMA\Tesina\Backtesting\data\research\historical-rules-followup-20260924T234206Z\extraidos\CDX_FEEPREFIX_tablas.json,3,37517e5f3dc66819f61f5a7bb8ace1921282415f10551d2defa5c3eb0985b570,miembro sellado íntegro
C:\Users\pablo\Documentos\UCEMA\Tesina\Backtesting\data\research\historical-rules-followup-20260924T234206Z\extraidos\CDX_FUTINFO.txt,13107,779614348eb28d007bf110be61666f8051207e8d97212b57bda11674866476f4,miembro sellado íntegro
C:\Users\pablo\Documentos\UCEMA\Tesina\Backtesting\data\research\historical-rules-followup-20260924T234206Z\extraidos\CDX_FUTINFO_tablas.json,3,37517e5f3dc66819f61f5a7bb8ace1921282415f10551d2defa5c3eb0985b570,miembro sellado íntegro
C:\Users\pablo\Documentos\UCEMA\Tesina\Backtesting\data\research\historical-rules-followup-20260924T234206Z\extraidos\CDX_PROMO.txt,2237,c629cd511f6ae8cb56a984e303048eeacf8829cd2eb1246eee9dc5df8e67ae91,miembro sellado íntegro
C:\Users\pablo\Documentos\UCEMA\Tesina\Backtesting\data\research\historical-rules-followup-20260924T234206Z\extraidos\CDX_PROMO_tablas.json,3,37517e5f3dc66819f61f5a7bb8ace1921282415f10551d2defa5c3eb0985b570,miembro sellado íntegro
C:\Users\pablo\Documentos\UCEMA\Tesina\Backtesting\data\research\historical-rules-followup-20260924T234206Z\extraidos\CDX_SPOT.txt,4619,9b0df4ebc542f420b1a86f6cead59059912c0f8503b7acd0ebf897afb9512955,miembro sellado íntegro
C:\Users\pablo\Documentos\UCEMA\Tesina\Backtesting\data\research\historical-rules-followup-20260924T234206Z\extraidos\CDX_SPOT_tablas.json,3,37517e5f3dc66819f61f5a7bb8ace1921282415f10551d2defa5c3eb0985b570,miembro sellado íntegro
C:\Users\pablo\Documentos\UCEMA\Tesina\Backtesting\data\research\historical-rules-followup-20260924T234206Z\extraidos\CDX_SPOTINFO.txt,21467,4b5c07f69675fdd4090924c64543bec06607c175478017ab0c4700653aac25ce,miembro sellado íntegro
C:\Users\pablo\Documentos\UCEMA\Tesina\Backtesting\data\research\historical-rules-followup-20260924T234206Z\extraidos\CDX_SPOTINFO_tablas.json,3,37517e5f3dc66819f61f5a7bb8ace1921282415f10551d2defa5c3eb0985b570,miembro sellado íntegro
C:\Users\pablo\Documentos\UCEMA\Tesina\Backtesting\data\research\historical-rules-followup-20260924T234206Z\extraidos\CDXDOC.txt,18258,43ef73dcc628afd27b0e166ea53e7e805700d177dd19f99772d314ba30ab9306,miembro sellado íntegro
C:\Users\pablo\Documentos\UCEMA\Tesina\Backtesting\data\research\historical-rules-followup-20260924T234206Z\extraidos\CDXDOC_tablas.json,3,37517e5f3dc66819f61f5a7bb8ace1921282415f10551d2defa5c3eb0985b570,miembro sellado íntegro
C:\Users\pablo\Documentos\UCEMA\Tesina\Backtesting\data\research\historical-rules-followup-20260924T234206Z\extraidos\DOC_FUT_web.txt,13419,b2513e4b8eab9ca29ba701501ec31216080391f0735d369a95ad6df5494bd8d4,miembro sellado íntegro; fuente DOC_FUT
C:\Users\pablo\Documentos\UCEMA\Tesina\Backtesting\data\research\historical-rules-followup-20260924T234206Z\extraidos\DOCSPOTRAW.txt,13297,5740acd722570803c024ae97e14aee49c123074d9bef0238496b899e68cd3106,miembro sellado íntegro
C:\Users\pablo\Documentos\UCEMA\Tesina\Backtesting\data\research\historical-rules-followup-20260924T234206Z\extraidos\DOCSPOTRAW_tablas.json,3,37517e5f3dc66819f61f5a7bb8ace1921282415f10551d2defa5c3eb0985b570,miembro sellado íntegro
C:\Users\pablo\Documentos\UCEMA\Tesina\Backtesting\data\research\historical-rules-followup-20260924T234206Z\extraidos\FAQ_LIQ_web.txt,16433,d351e3464978365d015668aac2851daa038b30134800dda99560c72ef814bfb1,miembro sellado íntegro; fuente FAQ_LIQ
C:\Users\pablo\Documentos\UCEMA\Tesina\Backtesting\data\research\historical-rules-followup-20260924T234206Z\extraidos\FUTI22.txt,168715,4c75d92ff884759b4da0567451604fa65851ae5f0892f2a51e501dad4d9c68ce,miembro sellado íntegro
C:\Users\pablo\Documentos\UCEMA\Tesina\Backtesting\data\research\historical-rules-followup-20260924T234206Z\extraidos\FUTI22_seleccion.json,4245,542f63fe9a2a669cb8e511c80f2c64cd38c1b5ae41884cb87a676188bdbe41a3,miembro sellado íntegro
C:\Users\pablo\Documentos\UCEMA\Tesina\Backtesting\data\research\historical-rules-followup-20260924T234206Z\extraidos\FUTI22_tablas.json,3,37517e5f3dc66819f61f5a7bb8ace1921282415f10551d2defa5c3eb0985b570,miembro sellado íntegro
C:\Users\pablo\Documentos\UCEMA\Tesina\Backtesting\data\research\historical-rules-followup-20260924T234206Z\extraidos\FUTI22B.txt,224851,7ba77a8cfe4397f58e5439b617e3bf4c9280e7fde0e59b63e55838158ee824f5,miembro sellado íntegro
C:\Users\pablo\Documentos\UCEMA\Tesina\Backtesting\data\research\historical-rules-followup-20260924T234206Z\extraidos\FUTI22B_seleccion.json,4300,28efba9343d71b6a259b48a7a6b974815e97a94515459ef08b70e420f8e3f423,miembro sellado íntegro
C:\Users\pablo\Documentos\UCEMA\Tesina\Backtesting\data\research\historical-rules-followup-20260924T234206Z\extraidos\FUTI22B_tablas.json,3,37517e5f3dc66819f61f5a7bb8ace1921282415f10551d2defa5c3eb0985b570,miembro sellado íntegro
C:\Users\pablo\Documentos\UCEMA\Tesina\Backtesting\data\research\historical-rules-followup-20260924T234206Z\extraidos\FUTI23.txt,224,79c1db471a4cdc1c8565b5dfc52e0ed2d29962738ee4d28597696fcd0920e348,miembro sellado íntegro
C:\Users\pablo\Documentos\UCEMA\Tesina\Backtesting\data\research\historical-rules-followup-20260924T234206Z\extraidos\FUTI23_seleccion.json,341,601cbea663292d83224a3a8457ad2dceb440801a2660f8d9235454af626a0274,miembro sellado íntegro
C:\Users\pablo\Documentos\UCEMA\Tesina\Backtesting\data\research\historical-rules-followup-20260924T234206Z\extraidos\FUTI23_tablas.json,3,37517e5f3dc66819f61f5a7bb8ace1921282415f10551d2defa5c3eb0985b570,miembro sellado íntegro
C:\Users\pablo\Documentos\UCEMA\Tesina\Backtesting\data\research\historical-rules-followup-20260924T234206Z\extraidos\FUTI26.txt,836886,fef22b65892ec2254be2850762621b4982ac462c66de31ee9d6c38df61a1c2ac,miembro sellado íntegro
C:\Users\pablo\Documentos\UCEMA\Tesina\Backtesting\data\research\historical-rules-followup-20260924T234206Z\extraidos\FUTI26_seleccion.json,4614,5d987abfbc3f4b6251b3a76bcf717ed391d381c508f1a4de988bd0b9e2ab21b3,miembro sellado íntegro
C:\Users\pablo\Documentos\UCEMA\Tesina\Backtesting\data\research\historical-rules-followup-20260924T234206Z\extraidos\FUTI26_tablas.json,3,37517e5f3dc66819f61f5a7bb8ace1921282415f10551d2defa5c3eb0985b570,miembro sellado íntegro
C:\Users\pablo\Documentos\UCEMA\Tesina\Backtesting\data\research\historical-rules-followup-20260924T234206Z\extraidos\FUTI26B.txt,887744,56b89ecf852317d7892b644d14304f530679ddc5d55fd434044775cb14fbd1ea,miembro sellado íntegro
C:\Users\pablo\Documentos\UCEMA\Tesina\Backtesting\data\research\historical-rules-followup-20260924T234206Z\extraidos\FUTI26B_seleccion.json,4614,cfb99329eb01b3f891dcb5e6d7673f9eddfa052222437b2f999a9f39e10c886f,miembro sellado íntegro
C:\Users\pablo\Documentos\UCEMA\Tesina\Backtesting\data\research\historical-rules-followup-20260924T234206Z\extraidos\FUTI26B_tablas.json,3,37517e5f3dc66819f61f5a7bb8ace1921282415f10551d2defa5c3eb0985b570,miembro sellado íntegro
C:\Users\pablo\Documentos\UCEMA\Tesina\Backtesting\data\research\historical-rules-followup-20260924T234206Z\extraidos\LEAD_OCT.txt,4907,05ccddf98ee5a4265cfd0b5253a6ddf89b6f57f72f3674fb8765343710bc8e6f,miembro sellado íntegro
C:\Users\pablo\Documentos\UCEMA\Tesina\Backtesting\data\research\historical-rules-followup-20260924T234206Z\extraidos\LEAD_OCT_embedded.json,8305,59c993b8ad910438f3a81ddedb9e3ca80e929c3b621c00d3f2968e18b69be0dc,miembro sellado íntegro
C:\Users\pablo\Documentos\UCEMA\Tesina\Backtesting\data\research\historical-rules-followup-20260924T234206Z\extraidos\LEAD_OCT_tablas.json,7057,fe151657ccee5ccffc436b09db1561b9300131f9000fed9f5ab600006b9773d3,miembro sellado íntegro
C:\Users\pablo\Documentos\UCEMA\Tesina\Backtesting\data\research\historical-rules-followup-20260924T234206Z\extraidos\MARG22_web.txt,9487,e90b3c4e2e3d103d711ec99f047a2766446635ae6ed446029d1b95ed7a7b17ff,miembro sellado íntegro; fuente MARG22
C:\Users\pablo\Documentos\UCEMA\Tesina\Backtesting\data\research\historical-rules-followup-20260924T234206Z\extraidos\MARG23_web.txt,8553,9d95f3b08a9420db5cbf8a5701e3460cecc37ba2184f6e3c7ed3de5c38c37032,miembro sellado íntegro; fuente MARG23
C:\Users\pablo\Documentos\UCEMA\Tesina\Backtesting\data\research\historical-rules-followup-20260924T234206Z\extraidos\MARG24_web.txt,6373,87202fd9cfa49ebe9cf7f79406ef33bd1bb3d007e50ecd6983cf785b5b4336ae,miembro sellado íntegro; fuente MARG24
C:\Users\pablo\Documentos\UCEMA\Tesina\Backtesting\data\research\historical-rules-followup-20260924T234206Z\extraidos\MARGAUG25_web.txt,11421,a4227b90c4dc95ac52112db85c06e56677d3ff83f543a172048d05e2bc0a8b76,miembro sellado íntegro; fuente MARGAUG25
C:\Users\pablo\Documentos\UCEMA\Tesina\Backtesting\data\research\historical-rules-followup-20260924T234206Z\extraidos\MARGBTC25_web.txt,6439,91f6795fd6ab155d1a5d76a0d3dc869fa90ab70f19bdeb8889654bf75150077c,miembro sellado íntegro; fuente MARGBTC25
C:\Users\pablo\Documentos\UCEMA\Tesina\Backtesting\data\research\historical-rules-followup-20260924T234206Z\extraidos\MINBTC26_web.txt,8285,4da29d77c045baa3273dc57acbfc901b681b16ea400c10969afba1e2c237e9cd,miembro sellado íntegro; fuente MINBTC26
C:\Users\pablo\Documentos\UCEMA\Tesina\Backtesting\data\research\historical-rules-followup-20260924T234206Z\extraidos\MINFUT23_web.txt,9318,828f8fec8403c619b48e59f9f0510580d14ca2d20ba30a86a8aa35b14672665a,miembro sellado íntegro; fuente MINFUT23
C:\Users\pablo\Documentos\UCEMA\Tesina\Backtesting\data\research\historical-rules-followup-20260924T234206Z\extraidos\MINSPOT23_web.txt,7457,7194fbcc63d68091abf3db2213998c60f7024f4cfdcb6e216043cbf96a137500,miembro sellado íntegro; fuente MINSPOT23
C:\Users\pablo\Documentos\UCEMA\Tesina\Backtesting\data\research\historical-rules-followup-20260924T234206Z\extraidos\OUT_BTCU_web.txt,5880,7e5cddd31032dcfb5a34b2ecde39da73ece9ba34af9a4d0e3ba7ae182c1b2155,miembro sellado íntegro; fuente OUT_BTCU
C:\Users\pablo\Documentos\UCEMA\Tesina\Backtesting\data\research\historical-rules-followup-20260924T234206Z\extraidos\OUT_TAKER_web.txt,5962,4e135d91b634190e746b2f4a35a54322c288fa064a49b52d8c871a6fd1998615,miembro sellado íntegro; fuente OUT_TAKER
C:\Users\pablo\Documentos\UCEMA\Tesina\Backtesting\data\research\historical-rules-followup-20260924T234206Z\extraidos\OUT_VIP1_web.txt,6518,f0cac64d7f785097626c491f418f8accf04d83873d96b27ee1152a377602a419,miembro sellado íntegro; fuente OUT_VIP1
C:\Users\pablo\Documentos\UCEMA\Tesina\Backtesting\data\research\historical-rules-followup-20260924T234206Z\extraidos\PROMO25.txt,2122,9da2cdfe274b12c268b199c41628f57be11f33ebe7d1bbbc9c1cf2e1b4442e17,miembro sellado íntegro
C:\Users\pablo\Documentos\UCEMA\Tesina\Backtesting\data\research\historical-rules-followup-20260924T234206Z\extraidos\PROMO25_embedded.json,2877015,50af575b003b87ba3e399b34c3796425807d3f136ddf32de9d61dab9f7db1a61,miembro sellado íntegro
C:\Users\pablo\Documentos\UCEMA\Tesina\Backtesting\data\research\historical-rules-followup-20260924T234206Z\extraidos\PROMO25_tablas.json,3,37517e5f3dc66819f61f5a7bb8ace1921282415f10551d2defa5c3eb0985b570,miembro sellado íntegro
C:\Users\pablo\Documentos\UCEMA\Tesina\Backtesting\data\research\historical-rules-followup-20260924T234206Z\extraidos\PROMO26.txt,3174,66330e6276455808dafaa1f8a52b32a7d2328e932def9485452b25ec395d7889,miembro sellado íntegro
C:\Users\pablo\Documentos\UCEMA\Tesina\Backtesting\data\research\historical-rules-followup-20260924T234206Z\extraidos\PROMO26_embedded.json,18355,264e6ac92350cdd809de5e49fc3c8a5fdedf7a9c3c1a2806497eb966f821bff5,miembro sellado íntegro
C:\Users\pablo\Documentos\UCEMA\Tesina\Backtesting\data\research\historical-rules-followup-20260924T234206Z\extraidos\PROMO26_tablas.json,3,37517e5f3dc66819f61f5a7bb8ace1921282415f10551d2defa5c3eb0985b570,miembro sellado íntegro
C:\Users\pablo\Documentos\UCEMA\Tesina\Backtesting\data\research\historical-rules-followup-20260924T234206Z\extraidos\PROMO_END_web.txt,10858,9cb520a7b456a461e3f80cde5bcd6073c2b10add73429bd4d47144695d7b9f09,miembro sellado íntegro; fuente PROMO_END; corroboración promoción
C:\Users\pablo\Documentos\UCEMA\Tesina\Backtesting\data\research\historical-rules-followup-20260924T234206Z\extraidos\PROMO_START_web.txt,6826,70715ea1c47e3ec72998b8bd0f1f991a1e6b1bec55b276f3dd3c4beafaad6f26,miembro sellado íntegro; fuente PROMO_START; corroboración promoción
C:\Users\pablo\Documentos\UCEMA\Tesina\Backtesting\data\research\historical-rules-followup-20260924T234206Z\extraidos\SPOT25.txt,1901,37dc1c3f3cd6ce0db3eb76f96fa4166ed99485552056d57eda848b357d5750a7,miembro sellado íntegro
C:\Users\pablo\Documentos\UCEMA\Tesina\Backtesting\data\research\historical-rules-followup-20260924T234206Z\extraidos\SPOT25_embedded.json,2869210,7904fabb396d4f2cab2f1a2c0989386462e7f8cd508358a77e2ec48e1db5fd24,miembro sellado íntegro
C:\Users\pablo\Documentos\UCEMA\Tesina\Backtesting\data\research\historical-rules-followup-20260924T234206Z\extraidos\SPOT25_tablas.json,3,37517e5f3dc66819f61f5a7bb8ace1921282415f10551d2defa5c3eb0985b570,miembro sellado íntegro
C:\Users\pablo\Documentos\UCEMA\Tesina\Backtesting\data\research\historical-rules-followup-20260924T234206Z\extraidos\SPOT25B.txt,1979,66cbe9d8ea117ea5ffbabf7ef44fe9556121dc1229f0c85975bcde54be992809,miembro sellado íntegro
C:\Users\pablo\Documentos\UCEMA\Tesina\Backtesting\data\research\historical-rules-followup-20260924T234206Z\extraidos\SPOT25B_embedded.json,3194526,1ab328177eb7b36d4d5ba0dd77479b59b41327ba75d694ac2e670eac30505187,miembro sellado íntegro
C:\Users\pablo\Documentos\UCEMA\Tesina\Backtesting\data\research\historical-rules-followup-20260924T234206Z\extraidos\SPOT25B_tablas.json,3,37517e5f3dc66819f61f5a7bb8ace1921282415f10551d2defa5c3eb0985b570,miembro sellado íntegro
C:\Users\pablo\Documentos\UCEMA\Tesina\Backtesting\data\research\historical-rules-followup-20260924T234206Z\extraidos\SPOT26.txt,4256,bf550d8df77639f69661fbc802599cc477ca9ca5eed5e5a7e4465c3aee4feb9d,miembro sellado íntegro
C:\Users\pablo\Documentos\UCEMA\Tesina\Backtesting\data\research\historical-rules-followup-20260924T234206Z\extraidos\SPOT26_embedded.json,30780,5efc7f151f5002fd93657f7b72054e1a6826588b8e04caa61f8fb837f431f87c,miembro sellado íntegro
C:\Users\pablo\Documentos\UCEMA\Tesina\Backtesting\data\research\historical-rules-followup-20260924T234206Z\extraidos\SPOT26_tablas.json,14098,8c293a8f8e555e994db694386089def6611ebcaae528491c92b5eea4260a80c4,miembro sellado íntegro
C:\Users\pablo\Documentos\UCEMA\Tesina\Backtesting\data\research\historical-rules-followup-20260924T234206Z\extraidos\SPOTI22.txt,2052384,173aa95c417e9457d5674d0f21f0bf19d81067a7d8b93be0531f60ad0043d719,miembro sellado íntegro
C:\Users\pablo\Documentos\UCEMA\Tesina\Backtesting\data\research\historical-rules-followup-20260924T234206Z\extraidos\SPOTI22_seleccion.json,4103,c2085a7dc328af3c2cf4dffba76ac6a713c56716546917bcc38d773b24838885,miembro sellado íntegro
C:\Users\pablo\Documentos\UCEMA\Tesina\Backtesting\data\research\historical-rules-followup-20260924T234206Z\extraidos\SPOTI22_tablas.json,3,37517e5f3dc66819f61f5a7bb8ace1921282415f10551d2defa5c3eb0985b570,miembro sellado íntegro
C:\Users\pablo\Documentos\UCEMA\Tesina\Backtesting\data\research\historical-rules-followup-20260924T234206Z\extraidos\SPOTI23.txt,3444081,c94839df756bf3a31b9d9f7be59480170b217abb2e36a24ce2a5c1e5405cd256,miembro sellado íntegro
C:\Users\pablo\Documentos\UCEMA\Tesina\Backtesting\data\research\historical-rules-followup-20260924T234206Z\extraidos\SPOTI23_seleccion.json,5621,20c692aeb6a9eb6846090393e0660553a69257e294c754f86b41903ef7522b83,miembro sellado íntegro
C:\Users\pablo\Documentos\UCEMA\Tesina\Backtesting\data\research\historical-rules-followup-20260924T234206Z\extraidos\SPOTI23_tablas.json,3,37517e5f3dc66819f61f5a7bb8ace1921282415f10551d2defa5c3eb0985b570,miembro sellado íntegro
C:\Users\pablo\Documentos\UCEMA\Tesina\Backtesting\data\research\historical-rules-followup-20260924T234206Z\extraidos\SPOTI25.txt,15514854,f6e303edbe7bc160bc379ea1db170e4e1d0737dbddeaaac517d45fd3c08af7f9,miembro sellado íntegro
C:\Users\pablo\Documentos\UCEMA\Tesina\Backtesting\data\research\historical-rules-followup-20260924T234206Z\extraidos\SPOTI25_seleccion.json,17683,27c5672fc1fab5337af338ff6d1dd71cb6c1572eee72cc948498e5feeaa8d57f,miembro sellado íntegro
C:\Users\pablo\Documentos\UCEMA\Tesina\Backtesting\data\research\historical-rules-followup-20260924T234206Z\extraidos\SPOTI25_tablas.json,3,37517e5f3dc66819f61f5a7bb8ace1921282415f10551d2defa5c3eb0985b570,miembro sellado íntegro
C:\Users\pablo\Documentos\UCEMA\Tesina\Backtesting\data\research\historical-rules-followup-20260924T234206Z\extraidos\STEP21_web.txt,30258,0be6c399292450bf8679a8b367783fc1d6818fc390ce0e1a95bae7620f8fc5e8,miembro sellado íntegro; fuente STEP21
C:\Users\pablo\Documentos\UCEMA\Tesina\Backtesting\data\research\historical-rules-followup-20260924T234206Z\extraidos\tablas_margen.json,87470,ec7ac8ae8ceba82cd8b8ca4c12e003c68f19f642f4e92d37cbc3e1f8112e6468,miembro sellado íntegro; 16 tablas íntegras
C:\Users\pablo\Documentos\UCEMA\Tesina\Backtesting\data\research\historical-rules-followup-20260924T234206Z\extraidos\TICK22_web.txt,6808,e74e2b3d5f13dafff9fc0574f005589ae713eb814ceb846aad1844c36bbb0df2,miembro sellado íntegro; fuente TICK22
C:\Users\pablo\Documentos\UCEMA\Tesina\Backtesting\data\research\historical-rules-followup-20260924T234206Z\fuentes.json,104441,4aa05617ce6ca83d95429893160971a15055937534b1b753952e180c2c518c9a,miembro sellado íntegro; 52 fuentes íntegras
C:\Users\pablo\Documentos\UCEMA\Tesina\Backtesting\data\research\historical-rules-followup-20260924T234206Z\incidencias_ejecucion.json,1768,9cf8d5577e5d7294d794d85841fd78366364511768c67494842a46441f6c3d4e,miembro sellado íntegro
C:\Users\pablo\Documentos\UCEMA\Tesina\Backtesting\data\research\historical-rules-followup-20260924T234206Z\inventario_inicial.md,4472,8687c42a99752cae10b9dbdbbc12d8db5a1c4b15dec3ef1b8f342d41e619209e,miembro sellado íntegro
C:\Users\pablo\Documentos\UCEMA\Tesina\Backtesting\data\research\historical-rules-followup-20260924T234206Z\originales\A4.body,421440,b15321194c6ec29c0c5a27cab2ce6e50651966e0d9dcb9d330ff1e192fb88fe8,miembro sellado íntegro; fuente A4
C:\Users\pablo\Documentos\UCEMA\Tesina\Backtesting\data\research\historical-rules-followup-20260924T234206Z\originales\A4.meta.json,8806,6fede2b513ebb1d5480d383a8eccce1a694d7fec8981ed3e95cf260d2e01aae9,miembro sellado íntegro
C:\Users\pablo\Documentos\UCEMA\Tesina\Backtesting\data\research\historical-rules-followup-20260924T234206Z\originales\CDX_FAQ.body,581,04322bced5812827ad49040789f227929b095bf6a472b9f8cca4c40cbeaa7c9a,miembro sellado íntegro; fuente CDX_FAQ
C:\Users\pablo\Documentos\UCEMA\Tesina\Backtesting\data\research\historical-rules-followup-20260924T234206Z\originales\CDX_FAQ.meta.json,2154,7c2cc0bbee7e78e080b110a28a5f16d4811569619b80d366291aaa2dfe2ac2db,miembro sellado íntegro
C:\Users\pablo\Documentos\UCEMA\Tesina\Backtesting\data\research\historical-rules-followup-20260924T234206Z\originales\CDX_FEE.body,519,ca7ea791fb59928c50c43376beb2cc19efe31ade68511393ec4ad4ede408052e,miembro sellado íntegro; fuente CDX_FEE
C:\Users\pablo\Documentos\UCEMA\Tesina\Backtesting\data\research\historical-rules-followup-20260924T234206Z\originales\CDX_FEE.meta.json,2033,4577913e162ec0a41303824739f352338f3a305ea3c8248e49a9eb36e57c0d0b,miembro sellado íntegro
C:\Users\pablo\Documentos\UCEMA\Tesina\Backtesting\data\research\historical-rules-followup-20260924T234206Z\originales\CDX_FEE_AU.body,3,37517e5f3dc66819f61f5a7bb8ace1921282415f10551d2defa5c3eb0985b570,miembro sellado íntegro; fuente CDX_FEE_AU
C:\Users\pablo\Documentos\UCEMA\Tesina\Backtesting\data\research\historical-rules-followup-20260924T234206Z\originales\CDX_FEE_AU.meta.json,2068,9af78eef5f8e466232227dc93ffd0d35ca0236ef26021acf26cccd3be17b9d31,miembro sellado íntegro
C:\Users\pablo\Documentos\UCEMA\Tesina\Backtesting\data\research\historical-rules-followup-20260924T234206Z\originales\CDX_FEE_CN.body,3,37517e5f3dc66819f61f5a7bb8ace1921282415f10551d2defa5c3eb0985b570,miembro sellado íntegro; fuente CDX_FEE_CN
C:\Users\pablo\Documentos\UCEMA\Tesina\Backtesting\data\research\historical-rules-followup-20260924T234206Z\originales\CDX_FEE_CN.meta.json,2068,8b6b75d2276c9e243922feb0cebb0f2b4892c11f51c59d09f72af31e8a463382,miembro sellado íntegro
C:\Users\pablo\Documentos\UCEMA\Tesina\Backtesting\data\research\historical-rules-followup-20260924T234206Z\originales\CDX_FEE_ES.body,3,37517e5f3dc66819f61f5a7bb8ace1921282415f10551d2defa5c3eb0985b570,miembro sellado íntegro; fuente CDX_FEE_ES
C:\Users\pablo\Documentos\UCEMA\Tesina\Backtesting\data\research\historical-rules-followup-20260924T234206Z\originales\CDX_FEE_ES.meta.json,2062,911b0e80181255654e85c249adf8bb2a727d3044f2384bf1061da2119721019a,miembro sellado íntegro
C:\Users\pablo\Documentos\UCEMA\Tesina\Backtesting\data\research\historical-rules-followup-20260924T234206Z\originales\CDX_FEE_OLD.body,762,579df5057906a6be305a8027af46a3585e582e43b4bfb4073dbae714cba11c05,miembro sellado íntegro; fuente CDX_FEE_OLD
C:\Users\pablo\Documentos\UCEMA\Tesina\Backtesting\data\research\historical-rules-followup-20260924T234206Z\originales\CDX_FEE_OLD.meta.json,2078,ce6417d48d19211c7f62ff9ae85fab2121dcf36e2e31308ccb80821bc7e27699,miembro sellado íntegro
C:\Users\pablo\Documentos\UCEMA\Tesina\Backtesting\data\research\historical-rules-followup-20260924T234206Z\originales\CDX_FEEPREFIX.body,762,579df5057906a6be305a8027af46a3585e582e43b4bfb4073dbae714cba11c05,miembro sellado íntegro; fuente CDX_FEEPREFIX
C:\Users\pablo\Documentos\UCEMA\Tesina\Backtesting\data\research\historical-rules-followup-20260924T234206Z\originales\CDX_FEEPREFIX.meta.json,2078,deba5197c58f53f49d976735a43f5488e7277322f988c706d2fdab13e2da9859,miembro sellado íntegro
C:\Users\pablo\Documentos\UCEMA\Tesina\Backtesting\data\research\historical-rules-followup-20260924T234206Z\originales\CDX_FUTINFO.body,13108,67ba06ae5935900076b0a0f60e7418533e19011c9a7126f8c6078b7b7956997f,miembro sellado íntegro; fuente CDX_FUTINFO
C:\Users\pablo\Documentos\UCEMA\Tesina\Backtesting\data\research\historical-rules-followup-20260924T234206Z\originales\CDX_FUTINFO.meta.json,2083,3d4bd5ae3956412a8d442a27ac590071864a5fef86abbf38c0d8ec52aed7724d,miembro sellado íntegro
C:\Users\pablo\Documentos\UCEMA\Tesina\Backtesting\data\research\historical-rules-followup-20260924T234206Z\originales\CDX_PROMO.body,2238,420839508b7d8dea817b935a85f24f089a2ba1d372809c21998dee12d5dafffe,miembro sellado íntegro; fuente CDX_PROMO
C:\Users\pablo\Documentos\UCEMA\Tesina\Backtesting\data\research\historical-rules-followup-20260924T234206Z\originales\CDX_PROMO.meta.json,2052,ee74afd80cbf892b39ff1ec29edf00ba663fb6f3808cb4c49c77d4976b8ac805,miembro sellado íntegro
C:\Users\pablo\Documentos\UCEMA\Tesina\Backtesting\data\research\historical-rules-followup-20260924T234206Z\originales\CDX_SPOT.body,4620,7cbcf84242716359d26277b5244e44f25bfc0a13af5809b5e499902a425a7b1b,miembro sellado íntegro; fuente CDX_SPOT
C:\Users\pablo\Documentos\UCEMA\Tesina\Backtesting\data\research\historical-rules-followup-20260924T234206Z\originales\CDX_SPOT.meta.json,2035,6420251540cb0441c6ba92a88425078cff9c8c6e89915f8255b4ef5f3baee2a4,miembro sellado íntegro
C:\Users\pablo\Documentos\UCEMA\Tesina\Backtesting\data\research\historical-rules-followup-20260924T234206Z\originales\CDX_SPOTINFO.body,21468,71025a414d944f1ce9e4a3fdab4b54c4ce594d3e8ceaa6e222604195355f3285,miembro sellado íntegro; fuente CDX_SPOTINFO
C:\Users\pablo\Documentos\UCEMA\Tesina\Backtesting\data\research\historical-rules-followup-20260924T234206Z\originales\CDX_SPOTINFO.meta.json,2083,f33f997c792699d0804522f0343dafcfdaf34079e1d5d41e7164229a179a3cb1,miembro sellado íntegro
C:\Users\pablo\Documentos\UCEMA\Tesina\Backtesting\data\research\historical-rules-followup-20260924T234206Z\originales\CDXDOC.body,18292,e17a0e1f43c4dd887adbb1473a7be452bbc12f823b64ea3fda2105c8d27ee7dd,miembro sellado íntegro; fuente CDXDOC
C:\Users\pablo\Documentos\UCEMA\Tesina\Backtesting\data\research\historical-rules-followup-20260924T234206Z\originales\CDXDOC.meta.json,2206,0e5bf7fabcccf2fff40444766ed28b037a5413b134e0603328db6560a6449e30,miembro sellado íntegro
C:\Users\pablo\Documentos\UCEMA\Tesina\Backtesting\data\research\historical-rules-followup-20260924T234206Z\originales\DOCFUT.body,0,e3b0c44298fc1c149afbf4c8996fb92427ae41e4649b934ca495991b7852b855,miembro sellado íntegro; fuente DOCFUT
C:\Users\pablo\Documentos\UCEMA\Tesina\Backtesting\data\research\historical-rules-followup-20260924T234206Z\originales\DOCFUT.meta.json,1534,c8be8a3ced28b9475eed78dbd052e7f2eaa01e1297a98115f4e07a96fe62d91c,miembro sellado íntegro
C:\Users\pablo\Documentos\UCEMA\Tesina\Backtesting\data\research\historical-rules-followup-20260924T234206Z\originales\DOCSPOT.body,0,e3b0c44298fc1c149afbf4c8996fb92427ae41e4649b934ca495991b7852b855,miembro sellado íntegro; fuente DOCSPOT
C:\Users\pablo\Documentos\UCEMA\Tesina\Backtesting\data\research\historical-rules-followup-20260924T234206Z\originales\DOCSPOT.meta.json,1416,24a9bd897acc15028ae75e099d00e1f57e1f12ef7fed729e2cbfec7d2450a463,miembro sellado íntegro
C:\Users\pablo\Documentos\UCEMA\Tesina\Backtesting\data\research\historical-rules-followup-20260924T234206Z\originales\DOCSPOTRAW.body,13528,4b5a8f0f5d15bcf68fd7ac2059ba6c88da641c06fd7885e642330c5ac8124dd3,miembro sellado íntegro; fuente DOCSPOTRAW
C:\Users\pablo\Documentos\UCEMA\Tesina\Backtesting\data\research\historical-rules-followup-20260924T234206Z\originales\DOCSPOTRAW.meta.json,2194,a5db42c31696a0964345862641216ed3d42d611c418e04ab48534415ede21687,miembro sellado íntegro
C:\Users\pablo\Documentos\UCEMA\Tesina\Backtesting\data\research\historical-rules-followup-20260924T234206Z\originales\FUTI22.body,168715,4c75d92ff884759b4da0567451604fa65851ae5f0892f2a51e501dad4d9c68ce,miembro sellado íntegro; fuente FUTI22; 288 campos API contra copia original
C:\Users\pablo\Documentos\UCEMA\Tesina\Backtesting\data\research\historical-rules-followup-20260924T234206Z\originales\FUTI22.meta.json,4147,5c7a75779727a1ce26c6c72092c2bff589dbb8e7c1cd6ea0ce172451dbfdf726,miembro sellado íntegro
C:\Users\pablo\Documentos\UCEMA\Tesina\Backtesting\data\research\historical-rules-followup-20260924T234206Z\originales\FUTI22B.body,224851,7ba77a8cfe4397f58e5439b617e3bf4c9280e7fde0e59b63e55838158ee824f5,miembro sellado íntegro; fuente FUTI22B; 288 campos API contra copia original
C:\Users\pablo\Documentos\UCEMA\Tesina\Backtesting\data\research\historical-rules-followup-20260924T234206Z\originales\FUTI22B.meta.json,4381,1bf3e573cebe0523fa5c4043e3cfe7de14c089d626bd67925a5d6203a44f5cc6,miembro sellado íntegro
C:\Users\pablo\Documentos\UCEMA\Tesina\Backtesting\data\research\historical-rules-followup-20260924T234206Z\originales\FUTI23.body,224,79c1db471a4cdc1c8565b5dfc52e0ed2d29962738ee4d28597696fcd0920e348,miembro sellado íntegro; fuente FUTI23
C:\Users\pablo\Documentos\UCEMA\Tesina\Backtesting\data\research\historical-rules-followup-20260924T234206Z\originales\FUTI23.meta.json,3117,00eb29087c0a3eef8fc93db0173f40f4e754f7ad96545dd32e75642a99b18314,miembro sellado íntegro
C:\Users\pablo\Documentos\UCEMA\Tesina\Backtesting\data\research\historical-rules-followup-20260924T234206Z\originales\FUTI26.body,836886,fef22b65892ec2254be2850762621b4982ac462c66de31ee9d6c38df61a1c2ac,miembro sellado íntegro; fuente FUTI26; 288 campos API contra copia original
C:\Users\pablo\Documentos\UCEMA\Tesina\Backtesting\data\research\historical-rules-followup-20260924T234206Z\originales\FUTI26.meta.json,4170,4fe621b0fe9c50eca7506ea40e2aa5a29d649504a8842171e629fbd3c5701356,miembro sellado íntegro
C:\Users\pablo\Documentos\UCEMA\Tesina\Backtesting\data\research\historical-rules-followup-20260924T234206Z\originales\FUTI26B.body,887744,56b89ecf852317d7892b644d14304f530679ddc5d55fd434044775cb14fbd1ea,miembro sellado íntegro; fuente FUTI26B; 288 campos API contra copia original
C:\Users\pablo\Documentos\UCEMA\Tesina\Backtesting\data\research\historical-rules-followup-20260924T234206Z\originales\FUTI26B.meta.json,4169,2ea896231785e87d38288c9296bb3f98d174d83f4d23307282c9d41def8b8c8a,miembro sellado íntegro
C:\Users\pablo\Documentos\UCEMA\Tesina\Backtesting\data\research\historical-rules-followup-20260924T234206Z\originales\LEAD_OCT.body,145424,f9fff2ccd6a27810b821278e4d00dd6101dcbd944f07c44ec81230528996bb46,miembro sellado íntegro; fuente LEAD_OCT
C:\Users\pablo\Documentos\UCEMA\Tesina\Backtesting\data\research\historical-rules-followup-20260924T234206Z\originales\LEAD_OCT.meta.json,2438,90861f1310ad3c88d120ae6973b12d646c13036738f9039bcee2b5038c451fb8,miembro sellado íntegro
C:\Users\pablo\Documentos\UCEMA\Tesina\Backtesting\data\research\historical-rules-followup-20260924T234206Z\originales\PEND.body,0,e3b0c44298fc1c149afbf4c8996fb92427ae41e4649b934ca495991b7852b855,miembro sellado íntegro; fuente PEND
C:\Users\pablo\Documentos\UCEMA\Tesina\Backtesting\data\research\historical-rules-followup-20260924T234206Z\originales\PEND.meta.json,1464,e39c149f709d0f6c23a960fac9598caefbc8061a1f9bf2711845d509a9fa1ed2,miembro sellado íntegro
C:\Users\pablo\Documentos\UCEMA\Tesina\Backtesting\data\research\historical-rules-followup-20260924T234206Z\originales\PROMO25.body,1733978,c29fcb8811f2eba304ef60216f602bc12c85e9d81e3dc0b019428e4dfd99d0e9,miembro sellado íntegro; fuente PROMO25
C:\Users\pablo\Documentos\UCEMA\Tesina\Backtesting\data\research\historical-rules-followup-20260924T234206Z\originales\PROMO25.meta.json,13224,6848e1fc364f0902c1d8b02549cffb0ca554133c8d73fb34593e22e000bdaf43,miembro sellado íntegro
C:\Users\pablo\Documentos\UCEMA\Tesina\Backtesting\data\research\historical-rules-followup-20260924T234206Z\originales\PROMO26.body,178976,2c3aff22bb17e81345f0fbef4774fc3fc1c1007977c7354d3d50f7bd0d97eb72,miembro sellado íntegro; fuente PROMO26
C:\Users\pablo\Documentos\UCEMA\Tesina\Backtesting\data\research\historical-rules-followup-20260924T234206Z\originales\PROMO26.meta.json,13682,6f497c280590678970fca3216ca2804d573eb8c66d075b974d933faae5906a99,miembro sellado íntegro
C:\Users\pablo\Documentos\UCEMA\Tesina\Backtesting\data\research\historical-rules-followup-20260924T234206Z\originales\PSTART.body,0,e3b0c44298fc1c149afbf4c8996fb92427ae41e4649b934ca495991b7852b855,miembro sellado íntegro; fuente PSTART
C:\Users\pablo\Documentos\UCEMA\Tesina\Backtesting\data\research\historical-rules-followup-20260924T234206Z\originales\PSTART.meta.json,1468,2b7607048c0333e37d9ad59ba6c21fbf1b5107579042a232ec9304de56a2920c,miembro sellado íntegro
C:\Users\pablo\Documentos\UCEMA\Tesina\Backtesting\data\research\historical-rules-followup-20260924T234206Z\originales\SPOT25.body,1729164,0f4e59556dea2b7bec2dd8beffbbffe0b9d2303ac6170b576ed513aa353eb661,miembro sellado íntegro; fuente SPOT25
C:\Users\pablo\Documentos\UCEMA\Tesina\Backtesting\data\research\historical-rules-followup-20260924T234206Z\originales\SPOT25.meta.json,13171,a9c4ac056a38522204a53bcdf247976620f42262568d1cf7d348a5bc84974426,miembro sellado íntegro
C:\Users\pablo\Documentos\UCEMA\Tesina\Backtesting\data\research\historical-rules-followup-20260924T234206Z\originales\SPOT25B.body,1912607,951012a4735d1ca4faa4d9b5971b4df85c94fd9c915f48a92324e803c163249f,miembro sellado íntegro; fuente SPOT25B
C:\Users\pablo\Documentos\UCEMA\Tesina\Backtesting\data\research\historical-rules-followup-20260924T234206Z\originales\SPOT25B.meta.json,13493,89e82e0e75f4b4c00881fec8c3f9a16092a5584f230db258bcb8b500dc514ad9,miembro sellado íntegro
C:\Users\pablo\Documentos\UCEMA\Tesina\Backtesting\data\research\historical-rules-followup-20260924T234206Z\originales\SPOT26.body,201422,3f4ba24fa743f2b8d4765686896463664caa546ffe48216647abbead5320301d,miembro sellado íntegro; fuente SPOT26
C:\Users\pablo\Documentos\UCEMA\Tesina\Backtesting\data\research\historical-rules-followup-20260924T234206Z\originales\SPOT26.meta.json,13567,0dc4fc8019a0daec6aef188b8e6b0fa1085e7c6c7248227a115ea2b171280272,miembro sellado íntegro
C:\Users\pablo\Documentos\UCEMA\Tesina\Backtesting\data\research\historical-rules-followup-20260924T234206Z\originales\SPOTI22.body,2052384,173aa95c417e9457d5674d0f21f0bf19d81067a7d8b93be0531f60ad0043d719,miembro sellado íntegro; fuente SPOTI22; 288 campos API contra copia original
C:\Users\pablo\Documentos\UCEMA\Tesina\Backtesting\data\research\historical-rules-followup-20260924T234206Z\originales\SPOTI22.meta.json,4138,e7fa04b363f831204971c95c430266a83b2451cbc4967ddd8e9f9a25bf54a9a9,miembro sellado íntegro
C:\Users\pablo\Documentos\UCEMA\Tesina\Backtesting\data\research\historical-rules-followup-20260924T234206Z\originales\SPOTI23.body,3444081,c94839df756bf3a31b9d9f7be59480170b217abb2e36a24ce2a5c1e5405cd256,miembro sellado íntegro; fuente SPOTI23; 288 campos API contra copia original
C:\Users\pablo\Documentos\UCEMA\Tesina\Backtesting\data\research\historical-rules-followup-20260924T234206Z\originales\SPOTI23.meta.json,4451,95a25e10de4894e176db6caa64aef3697dbdaf734dd28496e7a77444f79c9066,miembro sellado íntegro
C:\Users\pablo\Documentos\UCEMA\Tesina\Backtesting\data\research\historical-rules-followup-20260924T234206Z\originales\SPOTI25.body,15514854,f6e303edbe7bc160bc379ea1db170e4e1d0737dbddeaaac517d45fd3c08af7f9,miembro sellado íntegro; fuente SPOTI25; 288 campos API contra copia original
C:\Users\pablo\Documentos\UCEMA\Tesina\Backtesting\data\research\historical-rules-followup-20260924T234206Z\originales\SPOTI25.meta.json,4197,f7cf82414d7d75d9f16bae64f3379364e76008d4eec244539288c2a2940371cb,miembro sellado íntegro
C:\Users\pablo\Documentos\UCEMA\Tesina\Backtesting\data\research\historical-rules-followup-20260924T234206Z\originales\W001_web.json,30381,d9678c78594e4a5e29f3ee2f4d1faa307ff4db09be402354191aa7ddfe6ad245,miembro sellado íntegro
C:\Users\pablo\Documentos\UCEMA\Tesina\Backtesting\data\research\historical-rules-followup-20260924T234206Z\originales\W002_web.json,28357,400e0af59bb3a9846fc3b9ace523cf9214374c0f1c830790adef212f01b50922,miembro sellado íntegro
C:\Users\pablo\Documentos\UCEMA\Tesina\Backtesting\data\research\historical-rules-followup-20260924T234206Z\originales\W003_web.json,29342,744382638960ca3a6a24dc7aeb7c8da9bd0f646a80edc8d495831004b2c3342c,miembro sellado íntegro
C:\Users\pablo\Documentos\UCEMA\Tesina\Backtesting\data\research\historical-rules-followup-20260924T234206Z\originales\W004_web.json,28863,99b2204c2004b20910edcb8934b6caa998e11e4dfffabf8622baccd923726ce5,miembro sellado íntegro
C:\Users\pablo\Documentos\UCEMA\Tesina\Backtesting\data\research\historical-rules-followup-20260924T234206Z\originales\W005_web.json,27856,aac1b40fbc2c59ae4c54440ef282c7c016de0e187df6f549435dff887c71db6d,miembro sellado íntegro
C:\Users\pablo\Documentos\UCEMA\Tesina\Backtesting\data\research\historical-rules-followup-20260924T234206Z\originales\W006_web.json,24087,5bcc41a3b868f5c6f024f3b734e0c619377f619fbfb2836da1366290a6886e54,miembro sellado íntegro
C:\Users\pablo\Documentos\UCEMA\Tesina\Backtesting\data\research\historical-rules-followup-20260924T234206Z\originales\W007_web.json,21965,6b80078f500f9cff4e9099035f8cb575319d25c7530b9e50c6e8cbcbdee40636,miembro sellado íntegro
C:\Users\pablo\Documentos\UCEMA\Tesina\Backtesting\data\research\historical-rules-followup-20260924T234206Z\originales\W008_web.json,20303,fc0af6eef2c1adec9aca7de9a2dd1a764375c55fd25437d88e0728d501cb7766,miembro sellado íntegro
C:\Users\pablo\Documentos\UCEMA\Tesina\Backtesting\data\research\historical-rules-followup-20260924T234206Z\originales\W009_web.json,34023,0f96a95722e23d31cd2a5b91de33f8069f00bab3c7aa923205ff1c5828719f52,miembro sellado íntegro
C:\Users\pablo\Documentos\UCEMA\Tesina\Backtesting\data\research\historical-rules-followup-20260924T234206Z\originales\W010_web.json,26118,3cc924335bad5c7fa4fc37a4fb3bedfb680d2e11949c710ee4dbc3a7c266feb2,miembro sellado íntegro
C:\Users\pablo\Documentos\UCEMA\Tesina\Backtesting\data\research\historical-rules-followup-20260924T234206Z\originales\W011_web.json,26228,c7c240b024c5d30f04dbcc4658b1a916102ac4372410de3f893de1d946ff93d6,miembro sellado íntegro
C:\Users\pablo\Documentos\UCEMA\Tesina\Backtesting\data\research\historical-rules-followup-20260924T234206Z\originales\W012_web.json,31089,4488a10f7fc43d32824db94c005a9ab0ef6f5f0497445966ea75523a7712f902,miembro sellado íntegro
C:\Users\pablo\Documentos\UCEMA\Tesina\Backtesting\data\research\historical-rules-followup-20260924T234206Z\originales\W013_web.json,26189,f04c262dd3721f46087ff19e9822246fc1abb139b65699d4364905f6b5fa4869,miembro sellado íntegro
C:\Users\pablo\Documentos\UCEMA\Tesina\Backtesting\data\research\historical-rules-followup-20260924T234206Z\originales\W014_web.json,34703,3225322721a169ee770473d93b6589e8bef9a725c1fc509c5f1326244922a69b,miembro sellado íntegro
C:\Users\pablo\Documentos\UCEMA\Tesina\Backtesting\data\research\historical-rules-followup-20260924T234206Z\originales\W015_web.json,25936,56ba77008d5958798c2eb9e08d14808cdc97b37d11c54911f107fb17a842cbfc,miembro sellado íntegro
C:\Users\pablo\Documentos\UCEMA\Tesina\Backtesting\data\research\historical-rules-followup-20260924T234206Z\originales\W016_web.json,14577,24c4d3780aa9292a07c4055fb31f2df9f26792ef1a08ef56d97a949053c0bd96,miembro sellado íntegro
C:\Users\pablo\Documentos\UCEMA\Tesina\Backtesting\data\research\historical-rules-followup-20260924T234206Z\originales\W017_web.json,20342,6402087aee0d8554af60947cd91cd784ed448a4c5a6d9eb2efc7e5aebfe1dcc2,miembro sellado íntegro
C:\Users\pablo\Documentos\UCEMA\Tesina\Backtesting\data\research\historical-rules-followup-20260924T234206Z\README.md,4506,37639f223037097cbc79c30352fa6262a2955fb3de815c0eb7b1e8c9f063c4f9,miembro sellado íntegro; lectura íntegra de antecedentes sellados
C:\Users\pablo\Documentos\UCEMA\Tesina\Backtesting\data\research\historical-rules-followup-20260924T234206Z\recuperar_fuentes.py,5721,2406cf562ae91f47806043ec582b92db5b119d0cbb75d84d35d081b844d853c3,miembro sellado íntegro
C:\Users\pablo\Documentos\UCEMA\Tesina\Backtesting\data\research\historical-rules-followup-20260924T234206Z\reglas_historicas.json,790507,e426aef989822aebd88571b78e81e07a449accf2f38de1014aa00f67beeb6a3d,miembro sellado íntegro; 345 hechos y estados íntegros
C:\Users\pablo\Documentos\UCEMA\Tesina\Backtesting\data\research\historical-rules-followup-20260924T234206Z\reporte_fuentes_historicas.md,24077,a86c007aba48b6375a99753ef30e266d10986422172c02340522e2950230e0d3,miembro sellado íntegro; lectura íntegra de antecedentes sellados
C:\Users\pablo\Documentos\UCEMA\Tesina\Backtesting\data\research\historical-rules-followup-20260924T234206Z\resumen_extraccion.json,522,bf99aa8af1ecee17b53bb4c7d7dd87e16302440a2427178299ccb6845b45872a,miembro sellado íntegro
C:\Users\pablo\Documentos\UCEMA\Tesina\Backtesting\data\research\historical-rules-followup-20260924T234206Z\revision_segunda.json,4543,4436326ed5c231e3b872399eac8e69750b43acbfc92ca3deae27d65dabc807df,miembro sellado íntegro; lectura íntegra de antecedentes sellados
C:\Users\pablo\Documentos\UCEMA\Tesina\Backtesting\data\research\historical-rules-followup-20260924T234206Z\verificacion_antecedentes.json,1373,d7d6bc14553ddd86bff44d6af562e1db3b16b05e29df61e16039206f345e786e,miembro sellado íntegro
C:\Users\pablo\Documentos\UCEMA\Tesina\Backtesting\data\research\historical-rules-followup-20260924T234206Z\verificar_fuentes.py,25088,36793185c648a6b2029a04a7c90f422f008b0d1e84f4333020bfc69cc30049fb,miembro sellado íntegro; lectura íntegra de antecedentes sellados
C:\Users\pablo\Documentos\UCEMA\Tesina\Backtesting\data\research\fee-archive-followup-20260918\A1.html,846790,9c9719d5f9344af2b1f519a2d4207632fb745bc2f816b1671184245cd59d19c0,fuente A1
C:\Users\pablo\Documentos\UCEMA\Tesina\Backtesting\data\research\fee-archive-followup-20260918\A2.html,413920,e262a8f07876e3d4282bd9fe6497d83ea5ec60f43578d011b5b5999a42b92a9a,fuente A2
C:\Users\pablo\Documentos\UCEMA\Tesina\Backtesting\data\research\fee-archive-followup-20260918\A3.html,440516,c046ab84892a2093de0d16c8ad1eab0278089600ee9f7186c58e1a54bcd45cbe,fuente A3
C:\Users\pablo\Documentos\UCEMA\Tesina\Backtesting\data\research\historical-rules-followup-20260924T234206Z\verificacion_resultados.json,4367,91363668ce7fc3167a8adc8270d21774e14914b4526ffdf9e600b997b98a0486,lectura íntegra de antecedentes sellados
C:\Users\pablo\Documentos\UCEMA\Tesina\Backtesting\docs\research\binance_historical_access_20260918.json,12311,757ead968adf05b6a3ed32d54c5a0273c5d597719025c94c8f20bcefed048bf6,antecedente metodológico íntegro
C:\Users\pablo\Documentos\UCEMA\Tesina\Backtesting\docs\research\binance_historical_access_20260918.md,13050,886273bee4ca29210b0bbcc3f07d897890b1cdf4efce2731bb406b9af9ea9106,antecedente metodológico íntegro
C:\Users\pablo\Documentos\UCEMA\Tesina\Backtesting\docs\research\btcusdt_reconciliation.json,4470,38121726219475802ce77f5784cd7049ab473f44c73022054b416ace3bc65327,antecedente metodológico íntegro
C:\Users\pablo\Documentos\UCEMA\Tesina\Backtesting\docs\research\btc_quote_discrepancy.json,1079,0837807b6f80f9d025a3163f55cb8e0fca9e3a8d96ccf837b54b99036eec8234,antecedente metodológico íntegro
C:\Users\pablo\Documentos\UCEMA\Tesina\Backtesting\docs\research\ethusdt_reconciliation.json,3602,57ee84e21a3979bc6e59f91f10279b999dcb75f724fdd479f089185fd78a4558,antecedente metodológico íntegro
C:\Users\pablo\Documentos\UCEMA\Tesina\Backtesting\docs\research\fees_followup_20260918.json,16508,64d1580b925d0a728d60ffb5047eae5787326ffd2f94d2b0aade1711e4c93a21,antecedente metodológico íntegro
C:\Users\pablo\Documentos\UCEMA\Tesina\Backtesting\docs\research\fees_followup_20260918.md,8275,dea976a955f4595512cb65cab02a7122f14fac3fb4e5fa3aa45e846efd1f167b,antecedente metodológico íntegro
C:\Users\pablo\Documentos\UCEMA\Tesina\Backtesting\docs\research\funding_api_coverage.json,7399,35b71146e0f79b18d9a3c41cdb4b21c6e70d993f1acfc0b7c648f3cdab06983d,antecedente metodológico íntegro
C:\Users\pablo\Documentos\UCEMA\Tesina\Backtesting\docs\research\funding_followup_20260918.json,23724,8faa4f6536994ce8f5cb4717a61ca8ff527090a3a00b4d77dc2118d14130c8a5,antecedente metodológico íntegro
C:\Users\pablo\Documentos\UCEMA\Tesina\Backtesting\docs\research\funding_followup_20260918.md,4639,fcf9cc1c0b7807550e84150d36c94e0abcd872f05a947f1ce8d4278567f7874f,antecedente metodológico íntegro
C:\Users\pablo\Documentos\UCEMA\Tesina\Backtesting\docs\research\funding_h1_preliminary_20260918.json,14357,38aa1446688e7c7fae50bdf7f8a0155f06ed7d74647aca47e49c483c88788787,antecedente metodológico íntegro
C:\Users\pablo\Documentos\UCEMA\Tesina\Backtesting\docs\research\funding_h1_preliminary_20260918.md,8898,c867324b9734c0be5f1f44e09f300e40d442871097151e470c64d0d289b2d7c7,antecedente metodológico íntegro
C:\Users\pablo\Documentos\UCEMA\Tesina\Backtesting\docs\research\funding_provider_access_20260918.json,4970,c825022c39caf29779e0e12a32a3be86ef2088d675cd0fa4cc5c7c03f6e63564,antecedente metodológico íntegro
C:\Users\pablo\Documentos\UCEMA\Tesina\Backtesting\docs\research\funding_provider_access_20260918.md,5357,7a9343d489299ca78342c93c9ec73f09b56be27ab4b06fc4a8e77bda44fa05d0,antecedente metodológico íntegro
C:\Users\pablo\Documentos\UCEMA\Tesina\Backtesting\docs\research\funding_proxy_feasibility_20260918.json,47231,4b42ded99f631c95edd7e0761800d60efdd31c145c154757db862fdb9f05ce64,antecedente metodológico íntegro
C:\Users\pablo\Documentos\UCEMA\Tesina\Backtesting\docs\research\funding_proxy_feasibility_20260918.md,7066,77ac1ffed19cc7614d143ea76e3292f21d1bd42fa0abe676f3d4945645c87a0a,antecedente metodológico íntegro
C:\Users\pablo\Documentos\UCEMA\Tesina\Backtesting\docs\research\historical_fees.json,6786,fcbc331c8063d4374b258bbd0841ea010866db90d3ca01bddba9fe2548a60c10,antecedente metodológico íntegro
C:\Users\pablo\Documentos\UCEMA\Tesina\Backtesting\docs\research\historical_fees.md,11876,4c452de04bf14efb2447d209b801da91c4ac0c7edbda622fa07dac6926aa2d25,antecedente metodológico íntegro
C:\Users\pablo\Documentos\UCEMA\Tesina\Backtesting\docs\research\historical_market_rules.json,27935,1ac44ff88aa861a243d5c113a7b15b4ce82d78e36b179cfde01b8505688c7681,antecedente metodológico íntegro
C:\Users\pablo\Documentos\UCEMA\Tesina\Backtesting\docs\research\historical_market_rules.md,11922,773179d93b5545832de5d2116e380bf033c5993c547173065ee706ad24b9e244,antecedente metodológico íntegro
C:\Users\pablo\Documentos\UCEMA\Tesina\Backtesting\docs\research\implementation_verification_20260918.md,3565,76115404a623c6f9e336d0664b318d8a696a2fba08c16203ce660c175b489fa5,antecedente metodológico íntegro
C:\Users\pablo\Documentos\UCEMA\Tesina\Backtesting\docs\research\metadata_provider_access_20260918.json,11401,7834f650e66b947d92f4d96cc8d82a90d356840a558b253040fe9a6439479f2a,antecedente metodológico íntegro
C:\Users\pablo\Documentos\UCEMA\Tesina\Backtesting\docs\research\metadata_provider_access_20260918.md,9966,b45c149a7f13aac3db445b327895a0374a257edee1bf3a98164a0628b1c2b5fd,antecedente metodológico íntegro
C:\Users\pablo\Documentos\UCEMA\Tesina\Backtesting\docs\research\methodology_two_days_20260918.md,20405,ccc165f67f0b43d2302a18c46afcabbad6dade5ebc267cac7e0b9fe389d905f3,antecedente metodológico íntegro
C:\Users\pablo\Documentos\UCEMA\Tesina\Backtesting\docs\research\public_rules_alternatives_20260918.json,35353,619f2e9f8dbdbc9313cda35c1a6ef5b489e331d7a7e4d1cda94694be699eb500,antecedente metodológico íntegro
C:\Users\pablo\Documentos\UCEMA\Tesina\Backtesting\docs\research\public_rules_alternatives_20260918.md,10526,e7d1e68a53e5b9af7b91b539ea46c08568929267897e2e0ea8057cd6228d5f2d,antecedente metodológico íntegro
C:\Users\pablo\Documentos\UCEMA\Tesina\Backtesting\docs\research\README.md,8908,7e38a8440fddfaf463d01b54262a4c0524ebc18094d9d030ea49a2ab3618fe57,antecedente metodológico íntegro
C:\Users\pablo\Documentos\UCEMA\Tesina\Backtesting\docs\research\rules_followup_20260918.json,12434,81a0fa023bbbea0b4c8857707d5030ba2dbdd0861ed5779b1693acecf1afa3db,antecedente metodológico íntegro
C:\Users\pablo\Documentos\UCEMA\Tesina\Backtesting\docs\research\rules_followup_20260918.md,7890,8a639de27c9d3b2a457f9fdb8a5efb8fae1fb5af484f8ec463e7b0fbe112a82a,antecedente metodológico íntegro
C:\Users\pablo\Documentos\UCEMA\Tesina\Backtesting\docs\research\trade_archive_reconciliation.json,13232,da0a5bc7db79aaa5ed3b59657c8d58554670767c1ee754c46397dbd575321f07,antecedente metodológico íntegro
C:\Users\pablo\Documentos\UCEMA\Tesina\Backtesting\docs\methodology.md,10333,8d4ee1ccf08fcc74284bcf31bb0a5b5ddc824c293fce37cf1bb2e7a2dbfe2121,interfaz y metodología; no importada por diagnóstico
C:\Users\pablo\Documentos\UCEMA\Tesina\Backtesting\docs\progress.md,4461,60b438701d3d209d14f34a3abe7b4640c3bd5200cc43433de7ae03e0aa47d5fe,interfaz y metodología; no importada por diagnóstico
C:\Users\pablo\Documentos\UCEMA\Tesina\Backtesting\src\crypto_carry\data\rules.py,9638,8440df4b0633e098c4eb78c68d46464905d3070c54ea61c6929b2f1dc9ac8e94,interfaz y metodología; no importada por diagnóstico
C:\Users\pablo\Documentos\UCEMA\Tesina\Backtesting\src\crypto_carry\data\prescribed.py,10279,9c93a973558f3e44f093b5915b7944622128cba2974d76660da71b73942626f8,interfaz y metodología; no importada por diagnóstico
C:\Users\pablo\Documentos\UCEMA\Tesina\Backtesting\src\crypto_carry\margin.py,2666,386e6774b2e6e5ff73eb47c546476f591b21e7dbdcd00a9990b26e4d244ddfbd,interfaz y metodología; no importada por diagnóstico
C:\Users\pablo\Documentos\UCEMA\Tesina\Backtesting\src\crypto_carry\execution.py,1724,25da66375ca68a648e426667434dc74a0c4555e3c202b712cd05ca678c98ac17,interfaz y metodología; no importada por diagnóstico
C:\Users\pablo\Documentos\UCEMA\Tesina\Backtesting\src\crypto_carry\portfolio.py,13007,468f87f207c7ad7c0c19ee6cf6e855a22ff66ce1fd278c970228d8eb93152c9b,interfaz y metodología; no importada por diagnóstico
C:\Users\pablo\Documentos\UCEMA\Tesina\Backtesting\src\crypto_carry\reporting.py,78385,6d57a60e5d417060dd365fe16ef0f6eea5592e25ff122eb25fb28da4142830fc,interfaz y metodología; no importada por diagnóstico
D:\Backtesting\outputs\run_ad71d751b20623006c195ff3\run_manifest.json,332911,a9510b7ad3a5435e83d062e561507ec0b4f118bceca83719da6162d5cc55209f,manifiesto corrida original
D:\Backtesting\outputs\run_ad71d751b20623006c195ff3\run_manifest.sha256,66,7134989745dab8d1fe86ae8aef4d850611030aef000b264630e7fdc70a3225dc,sello corrida
D:\Backtesting\outputs\run_ad71d751b20623006c195ff3\attribution_by_asset.csv,1998,dd49530ecd1cea460eb5af943f61658926712386d17a31607bdacbff076390da,salida original contrastada con manifiesto
D:\Backtesting\outputs\run_ad71d751b20623006c195ff3\data_coverage.csv,107027,2941eb497e106392df546254a2107a13a38ae38f306f36957d081c6cc45f12b4,salida original contrastada con manifiesto
D:\Backtesting\outputs\run_ad71d751b20623006c195ff3\data_issues.csv,90,bd738aa37a8c15573c8c2dee94d656763c629b9d969ae7fa2d7508eba25517f4,salida original contrastada con manifiesto
D:\Backtesting\outputs\run_ad71d751b20623006c195ff3\data_quality.json,5403437,ae83d7b4d21ea28b02089875a6e755fa0e9319b5065af7d4df51d88db79d9b9d,salida original contrastada con manifiesto
D:\Backtesting\outputs\run_ad71d751b20623006c195ff3\data_quality_report.md,2581,a00a2592b12e3d3a127cc53a3e461046021c0dffe7ec9d9180c24345187fddd9,salida original contrastada con manifiesto
D:\Backtesting\outputs\run_ad71d751b20623006c195ff3\effective_config.toml,1416,f54d659d716b6b76c1a01d0875195440471015034de2c2276ade0403e44da5f1,salida original contrastada con manifiesto; configuración efectiva original
D:\Backtesting\outputs\run_ad71d751b20623006c195ff3\equity_daily.csv,3584801,f2f2f809715dc145390c3b732ff37ca0028f3b90bbb83ca70c440918ffa7c589,salida original contrastada con manifiesto
D:\Backtesting\outputs\run_ad71d751b20623006c195ff3\execution_summary.csv,7452,8b50e932c3f5674e7c7f546e12ccbdeab3ab3df2cc042985edf4855b8ce442f3,salida original contrastada con manifiesto
D:\Backtesting\outputs\run_ad71d751b20623006c195ff3\figures\cost_sensitivity.png,39284,4838b56bb642a27faffb1eda8dfe45b7cf0c942fafb1e5a72d1c711fde8b2011,salida original contrastada con manifiesto
D:\Backtesting\outputs\run_ad71d751b20623006c195ff3\figures\cost_sensitivity.svg,3464,2c2ca9f96c9f5f8da2b4a6657bb6232331eef33115aca25910c8b5ef1a2e680d,salida original contrastada con manifiesto
D:\Backtesting\outputs\run_ad71d751b20623006c195ff3\figures\drawdown.png,79134,989b5b79ecf5e051d7065686b0b47880b1e5ec972e61dfcbbd02ccc38ef11e4e,salida original contrastada con manifiesto
D:\Backtesting\outputs\run_ad71d751b20623006c195ff3\figures\drawdown.svg,28195,ae34ef9d651aaa708a9c831804282b82b41d101a0a838314ed50e112cde94058,salida original contrastada con manifiesto
D:\Backtesting\outputs\run_ad71d751b20623006c195ff3\figures\equity.png,65959,a958e2761c93e9f4f9809bbbba065bbd639b22259f32722bde3d8bcf53a9e12e,salida original contrastada con manifiesto
D:\Backtesting\outputs\run_ad71d751b20623006c195ff3\figures\equity.svg,25544,16c1d79e0eb95aead89702a5f4d158d6e1ac02d252e38dae932177c01d5be869,salida original contrastada con manifiesto
D:\Backtesting\outputs\run_ad71d751b20623006c195ff3\figures\forecast.png,120270,2e7a4623cdf20470ff8adda7e2dd7490d61b96bdb09b35adb4b74999a12d8cd3,salida original contrastada con manifiesto
D:\Backtesting\outputs\run_ad71d751b20623006c195ff3\figures\forecast.svg,3754142,51ac3f30e1686f48f0d3ebab24b75dabb876f38a8dfe65565aa527ee8d70169e,salida original contrastada con manifiesto
D:\Backtesting\outputs\run_ad71d751b20623006c195ff3\figures\opportunity.png,95677,163c54b7b39086c4767567eefd85223be5d9d7cede81da2940e67050c681de36,salida original contrastada con manifiesto
D:\Backtesting\outputs\run_ad71d751b20623006c195ff3\figures\opportunity.svg,202401,23e5928b22fe9a6c54457c61f1f3f1916d8c1e297d5529bdfff757f4f23df777,salida original contrastada con manifiesto
D:\Backtesting\outputs\run_ad71d751b20623006c195ff3\figures\pnl_components.png,56492,4401aa75c88621d08c03a44ea94c81c3dfdded501d446ee2da2946fca11ebd1e,salida original contrastada con manifiesto
D:\Backtesting\outputs\run_ad71d751b20623006c195ff3\figures\pnl_components.svg,13962,7386be39fb33f401f35922857a97d381f6dbfe4915fed026a714af1ed11255ed,salida original contrastada con manifiesto
D:\Backtesting\outputs\run_ad71d751b20623006c195ff3\fills.parquet,38952,a0058d8310117ce4ccf5b3aa4561f14572f2a18df5adf3ffaf2b4a6949c18b17,salida original contrastada con manifiesto
D:\Backtesting\outputs\run_ad71d751b20623006c195ff3\forecast_evaluation.csv,16375811,c2b3f7f4ac9b6b41800604fe5855b452dc168f9b32c38baad6ee96df9529a773,salida original contrastada con manifiesto
D:\Backtesting\outputs\run_ad71d751b20623006c195ff3\funding_mark_audit.json,11350595,d36cd2288820f44ecc126e49beb80f3b9d96a44445e0a6476a35118d6f004181,salida original contrastada con manifiesto
D:\Backtesting\outputs\run_ad71d751b20623006c195ff3\funding_payments.parquet,106051,348bdc06a1bd1050bdf08d63afe3d22a5a7877bfd86887d8e0a77c83ac88d773,salida original contrastada con manifiesto
D:\Backtesting\outputs\run_ad71d751b20623006c195ff3\h1_summary.csv,7564,a94662b2b8d96d17995df96605c87b134eada0c8ed9148a7a86ce9ad1642d328,salida original contrastada con manifiesto
D:\Backtesting\outputs\run_ad71d751b20623006c195ff3\ledger.parquet,130682,86c6dc8e08790373ad4e78e607d3f31214dd21640922dda31edb2956e0ec6353,salida original contrastada con manifiesto
D:\Backtesting\outputs\run_ad71d751b20623006c195ff3\mark_gap_checks.parquet,27453,f5e763801968a2a91087ab1018c23d2f625de7cf30ac57db7925b11b419ed6cd,salida original contrastada con manifiesto
D:\Backtesting\outputs\run_ad71d751b20623006c195ff3\metrics.csv,13074,6fae3980c17f4b809871f05828a80a9fc9c1b5cefadbc2d4ac687e12da5486a0,salida original contrastada con manifiesto
D:\Backtesting\outputs\run_ad71d751b20623006c195ff3\opportunity_daily.csv,1367609,90cfe43214bb4c58ef2db179da899665434a583239f0089793e9331e2fa95457,salida original contrastada con manifiesto
D:\Backtesting\outputs\run_ad71d751b20623006c195ff3\orders.parquet,40825,0a344cfb807007cd85701a7ee59233b2b08a69ff3e98f7bef7458d2960d924e3,salida original contrastada con manifiesto
D:\Backtesting\outputs\run_ad71d751b20623006c195ff3\parameters.csv,29422,f3cdef45dd9cfed3f3fb651c1f65ddf859c20da7420cdcbd5a44b47a440fb83f,salida original contrastada con manifiesto
D:\Backtesting\outputs\run_ad71d751b20623006c195ff3\pnl_components.csv,4286,81cabc02b723d9d767a379796d0f4a36f912bd9e2c1069a8f7c091f041287646,salida original contrastada con manifiesto
D:\Backtesting\outputs\run_ad71d751b20623006c195ff3\positions.parquet,63282,17142d8ee536b3b59ba71849100a844483f250b3adb400b4cdcd9cb32f109289,salida original contrastada con manifiesto
D:\Backtesting\outputs\run_ad71d751b20623006c195ff3\regime_comparison.csv,2146,b60fb468a2aa26e1d1be81ab7c5164ce6a7cd9a76d6ba01307c5f1fec624e5dc,salida original contrastada con manifiesto
D:\Backtesting\outputs\run_ad71d751b20623006c195ff3\renewal_diagnostics.parquet,73028,2c0c8fa85b957c07dd63ba65f054ff0c6cbae57410994967fb313f57ba53bfe9,salida original contrastada con manifiesto
D:\Backtesting\outputs\run_ad71d751b20623006c195ff3\report.md,17511,e61ddacd6797965b47ba62ecff0bdf777aeabc5ac991ec86fbb3e7eb4832f68b,salida original contrastada con manifiesto
D:\Backtesting\outputs\run_ad71d751b20623006c195ff3\research_assumptions.json,4959,7db77852b71460642f01a3aa594bde54f77fdc44d81c36865310bf46a22d1644,salida original contrastada con manifiesto; configuración efectiva original
D:\Backtesting\outputs\run_ad71d751b20623006c195ff3\risk_events.parquet,16518,dd7ac1779d7eac15932cec37d4558c79b22f604dbdc4fd6bfc567d65282e56a6,salida original contrastada con manifiesto
D:\Backtesting\outputs\run_ad71d751b20623006c195ff3\robustness_summary.csv,2176,0316aa5aa84b88577ac098a46b7839a9e61fb810510fc3c2261d49f3d75553ee,salida original contrastada con manifiesto
D:\Backtesting\outputs\run_ad71d751b20623006c195ff3\run_context.csv,1322,022df9bc9b1f56354da0f06acb89d0d2af5cd47014f8cf317e1d6e6c423c18f7,salida original contrastada con manifiesto
D:\Backtesting\outputs\run_ad71d751b20623006c195ff3\run_summary.csv,1528,2e595c584b1a3f03a0dce860b525cce647e1f03a6d7ab977aa34d37bfac9d249,salida original contrastada con manifiesto
D:\Backtesting\outputs\run_ad71d751b20623006c195ff3\signals.parquet,2561390,d7a77c69508a2ed2483ccf4d68cc2e78bf2b972edda5eb7c2f5b5dc0fb3d34f3,salida original contrastada con manifiesto
D:\Backtesting\outputs\run_ad71d751b20623006c195ff3\source_manifests\coverage.json,6846646,6738c0464ba9c2d46fc2789455c4049894ee2a21114ecafd03c8e80db9d78b0d,salida original contrastada con manifiesto
D:\Backtesting\outputs\run_ad71d751b20623006c195ff3\source_manifests\download.json,466245,286565cd1bf6ef20af1eaa59e751e06dc092bacc35873cfe954fb82410578a2e,salida original contrastada con manifiesto
D:\Backtesting\outputs\run_ad71d751b20623006c195ff3\source_manifests\mark_gap_audit.json,37179,a5db98ccfdd96b61006aff2a95bf77c7c2cd2df214e0a3db8d846a3386242b76,salida original contrastada con manifiesto
D:\Backtesting\outputs\run_ad71d751b20623006c195ff3\source_manifests\original_processed.json,1087881,432f4ec33b8d618fd71872ff19288b7c9b473abb1479bc67a5c1139b28347435,salida original contrastada con manifiesto
D:\Backtesting\outputs\run_ad71d751b20623006c195ff3\source_manifests\processed.json,1090942,cc5cd0821513fd98d39a4f299a62ce77d94e0865595805db2f9e806b513e3cc5,salida original contrastada con manifiesto
D:\Backtesting\outputs\run_dfea4b7ac1475668d5968c97\run_manifest.json,332910,d37bb1781a7402b33ef6b006b8df8f44635e84c238da0bbd769894b00ee40261,manifiesto corrida original
D:\Backtesting\outputs\run_dfea4b7ac1475668d5968c97\run_manifest.sha256,66,e4a6237fd3ebaa3b6555736830b6c68574cadbc0eb3fc313730646c677bc35a9,sello corrida
D:\Backtesting\outputs\run_dfea4b7ac1475668d5968c97\attribution_by_asset.csv,1997,53fa47c23f0a691e343bfb90b5e84840a20521e5b1ca3701c6f90e1ffd21df6d,salida original contrastada con manifiesto
D:\Backtesting\outputs\run_dfea4b7ac1475668d5968c97\data_coverage.csv,107027,e7e825add95042d9a2872e6c890eb1a31edc669e39f3e74f99fc45d1a18f0a75,salida original contrastada con manifiesto
D:\Backtesting\outputs\run_dfea4b7ac1475668d5968c97\data_issues.csv,90,bd738aa37a8c15573c8c2dee94d656763c629b9d969ae7fa2d7508eba25517f4,salida original contrastada con manifiesto
D:\Backtesting\outputs\run_dfea4b7ac1475668d5968c97\data_quality.json,5403437,ae83d7b4d21ea28b02089875a6e755fa0e9319b5065af7d4df51d88db79d9b9d,salida original contrastada con manifiesto
D:\Backtesting\outputs\run_dfea4b7ac1475668d5968c97\data_quality_report.md,2581,a00a2592b12e3d3a127cc53a3e461046021c0dffe7ec9d9180c24345187fddd9,salida original contrastada con manifiesto
D:\Backtesting\outputs\run_dfea4b7ac1475668d5968c97\effective_config.toml,1416,f54d659d716b6b76c1a01d0875195440471015034de2c2276ade0403e44da5f1,salida original contrastada con manifiesto; configuración efectiva original
D:\Backtesting\outputs\run_dfea4b7ac1475668d5968c97\equity_daily.csv,3897027,33d9c7977ffabb0d7de7b94db854144fd0444d6d2a526149061df6de4ba9cd03,salida original contrastada con manifiesto
D:\Backtesting\outputs\run_dfea4b7ac1475668d5968c97\execution_summary.csv,7461,b3999ad1e2d5fbb80e1dcce3592d53b24cde514e1af852d6a9436c1c29c07721,salida original contrastada con manifiesto
D:\Backtesting\outputs\run_dfea4b7ac1475668d5968c97\figures\cost_sensitivity.png,39284,4838b56bb642a27faffb1eda8dfe45b7cf0c942fafb1e5a72d1c711fde8b2011,salida original contrastada con manifiesto
D:\Backtesting\outputs\run_dfea4b7ac1475668d5968c97\figures\cost_sensitivity.svg,3464,2c2ca9f96c9f5f8da2b4a6657bb6232331eef33115aca25910c8b5ef1a2e680d,salida original contrastada con manifiesto
D:\Backtesting\outputs\run_dfea4b7ac1475668d5968c97\figures\drawdown.png,101448,49e43507f37fa040920f462b0bb2d57de3203891f8fefffad728ba2f3b7d36e2,salida original contrastada con manifiesto
D:\Backtesting\outputs\run_dfea4b7ac1475668d5968c97\figures\drawdown.svg,36561,1a17f2e7c307a19e0925830883ab4ab6fe38f1ff9c1b4dd6c5c8d303f3169cc9,salida original contrastada con manifiesto
D:\Backtesting\outputs\run_dfea4b7ac1475668d5968c97\figures\equity.png,75198,cedbdf89949b2e8e032fb99f18e2c537931846a747b5af2206a3fb2f3d267f08,salida original contrastada con manifiesto
D:\Backtesting\outputs\run_dfea4b7ac1475668d5968c97\figures\equity.svg,42844,def529090a1c5959a2ad18b4357d7df9aba3e2fdf2b89dc033d9e5d31c9f04f8,salida original contrastada con manifiesto
D:\Backtesting\outputs\run_dfea4b7ac1475668d5968c97\figures\forecast.png,120270,2e7a4623cdf20470ff8adda7e2dd7490d61b96bdb09b35adb4b74999a12d8cd3,salida original contrastada con manifiesto
D:\Backtesting\outputs\run_dfea4b7ac1475668d5968c97\figures\forecast.svg,3754142,fc34392bf26d7da07cf4a056ec9cdb7796df326cab41dc471ca917f279ad5497,salida original contrastada con manifiesto
D:\Backtesting\outputs\run_dfea4b7ac1475668d5968c97\figures\opportunity.png,95677,163c54b7b39086c4767567eefd85223be5d9d7cede81da2940e67050c681de36,salida original contrastada con manifiesto
D:\Backtesting\outputs\run_dfea4b7ac1475668d5968c97\figures\opportunity.svg,202401,02f12872b9327a62f9a4485ed936f42aedf2f135793c0dc63277e8736c33f131,salida original contrastada con manifiesto
D:\Backtesting\outputs\run_dfea4b7ac1475668d5968c97\figures\pnl_components.png,56612,5faa4bc27f1930ef5a634028f22238306d001b5f961bfc496b2a053e57e9ed63,salida original contrastada con manifiesto
D:\Backtesting\outputs\run_dfea4b7ac1475668d5968c97\figures\pnl_components.svg,13962,2b89d3add9f9202fe819666f9c65cbbdf934581f6e8391b064dec329c0c0b952,salida original contrastada con manifiesto
D:\Backtesting\outputs\run_dfea4b7ac1475668d5968c97\fills.parquet,63201,4ad115466ddf6d81acb1f846cb0bc0989f82a8b734db87c95a4a4d502b036d19,salida original contrastada con manifiesto
D:\Backtesting\outputs\run_dfea4b7ac1475668d5968c97\forecast_evaluation.csv,16375811,f3752b59ea167b8dede0b051722b800ae3265c6c6426cf963e6051587086290c,salida original contrastada con manifiesto
D:\Backtesting\outputs\run_dfea4b7ac1475668d5968c97\funding_mark_audit.json,11340277,9450fbba0a6fff10ad9b3ea5e76081021d9064acc2d6d8d7ced456598270dbc8,salida original contrastada con manifiesto
D:\Backtesting\outputs\run_dfea4b7ac1475668d5968c97\funding_payments.parquet,431961,f1dc5bfe3896723daa0fecc3d9b69e43a0c98abf1e2ee9713baa0b37b6724085,salida original contrastada con manifiesto
D:\Backtesting\outputs\run_dfea4b7ac1475668d5968c97\h1_summary.csv,7564,17bbc4d5e1982bf34ed61aacaff5c5cd3a0a8959a9c567a79b0aab890705b80b,salida original contrastada con manifiesto
D:\Backtesting\outputs\run_dfea4b7ac1475668d5968c97\ledger.parquet,486579,7c6b395dd7753745ef5885fd1fcd6784c78724fecbebc12047de4c3d61142995,salida original contrastada con manifiesto
D:\Backtesting\outputs\run_dfea4b7ac1475668d5968c97\mark_gap_checks.parquet,28504,97246d53c38e137fd024cef64af30b3e9b156c338bd8876cfe6425b2fd48eef3,salida original contrastada con manifiesto
D:\Backtesting\outputs\run_dfea4b7ac1475668d5968c97\metrics.csv,13111,7fb251fb766d65c729b066ef8d1a6efcd61ba411539b0c84bcec75dfdfac5cf6,salida original contrastada con manifiesto
D:\Backtesting\outputs\run_dfea4b7ac1475668d5968c97\opportunity_daily.csv,1367609,e82abfbee148966d01d33fbeaf3a8c871a31546c7c732ba4bb67275b0d0b2702,salida original contrastada con manifiesto
D:\Backtesting\outputs\run_dfea4b7ac1475668d5968c97\orders.parquet,76046,9f983551033f1463332d585df066ebee76d1dc995a96486fad094b1b00ec5c8a,salida original contrastada con manifiesto
D:\Backtesting\outputs\run_dfea4b7ac1475668d5968c97\parameters.csv,29422,e844c2e17df4cb124252afe37396245090c3aed08320ec8b0f86052efec35646,salida original contrastada con manifiesto
D:\Backtesting\outputs\run_dfea4b7ac1475668d5968c97\pnl_components.csv,4281,76171302aac1c7d27edd1fde4a6cb98f3e529471adfab34077c068c79f6d32fb,salida original contrastada con manifiesto
D:\Backtesting\outputs\run_dfea4b7ac1475668d5968c97\positions.parquet,114625,37dbd2875b2b394f872e47be370259be0e66a94696f0b3755d9a0e52f39f35f2,salida original contrastada con manifiesto
D:\Backtesting\outputs\run_dfea4b7ac1475668d5968c97\regime_comparison.csv,2119,5f6d3f977d2aeaabd626ddca906c7f9e5c57ca6303114ae7d10e754d6ae8307e,salida original contrastada con manifiesto
D:\Backtesting\outputs\run_dfea4b7ac1475668d5968c97\renewal_diagnostics.parquet,186934,b5b3522d4da4403a91392a7f31f07784cd17d78c9b248dbaf4cfb8a980f4c23b,salida original contrastada con manifiesto
D:\Backtesting\outputs\run_dfea4b7ac1475668d5968c97\report.md,17610,03de376230315266608e8a0b3ce224c1f3107b0f28228efa67d76feb95dee3c3,salida original contrastada con manifiesto
D:\Backtesting\outputs\run_dfea4b7ac1475668d5968c97\research_assumptions.json,4959,7db77852b71460642f01a3aa594bde54f77fdc44d81c36865310bf46a22d1644,salida original contrastada con manifiesto; configuración efectiva original
D:\Backtesting\outputs\run_dfea4b7ac1475668d5968c97\risk_events.parquet,28261,fbdbfc6bf3edc8b6c8ca218814674762fc4cd8e4e6804bb289629e7e3216eea1,salida original contrastada con manifiesto
D:\Backtesting\outputs\run_dfea4b7ac1475668d5968c97\robustness_summary.csv,2172,79199d182771fbbec21de4d2aad5ddf8fd5496a24ccb43816aab499a38132680,salida original contrastada con manifiesto
D:\Backtesting\outputs\run_dfea4b7ac1475668d5968c97\run_context.csv,1322,6206211caec32b3cbeced5ed63627103913a69f35214518f1b6a3d651d1f0d33,salida original contrastada con manifiesto
D:\Backtesting\outputs\run_dfea4b7ac1475668d5968c97\run_summary.csv,1504,47a8459a16e32e00c4f876c8e3cc2d11de5fcd67152eeedcc62dca69b56f4e07,salida original contrastada con manifiesto
D:\Backtesting\outputs\run_dfea4b7ac1475668d5968c97\signals.parquet,2660892,2560a2443877ec93e5fd46ff5991fcba5a909be0eaa9bd1e7cab3b13f88c4204,salida original contrastada con manifiesto
D:\Backtesting\outputs\run_dfea4b7ac1475668d5968c97\source_manifests\coverage.json,6846646,6738c0464ba9c2d46fc2789455c4049894ee2a21114ecafd03c8e80db9d78b0d,salida original contrastada con manifiesto
D:\Backtesting\outputs\run_dfea4b7ac1475668d5968c97\source_manifests\download.json,466245,286565cd1bf6ef20af1eaa59e751e06dc092bacc35873cfe954fb82410578a2e,salida original contrastada con manifiesto
D:\Backtesting\outputs\run_dfea4b7ac1475668d5968c97\source_manifests\mark_gap_audit.json,37179,a5db98ccfdd96b61006aff2a95bf77c7c2cd2df214e0a3db8d846a3386242b76,salida original contrastada con manifiesto
D:\Backtesting\outputs\run_dfea4b7ac1475668d5968c97\source_manifests\original_processed.json,1087881,432f4ec33b8d618fd71872ff19288b7c9b473abb1479bc67a5c1139b28347435,salida original contrastada con manifiesto
D:\Backtesting\outputs\run_dfea4b7ac1475668d5968c97\source_manifests\processed.json,1090942,cc5cd0821513fd98d39a4f299a62ce77d94e0865595805db2f9e806b513e3cc5,salida original contrastada con manifiesto
C:\Users\pablo\Documentos\UCEMA\Tesina\Backtesting\scripts\diagnose_historical_rules_exposure.py,51056,3100b3b6bcd6b0aaa6979791547f1d556e7418a09fc861eca47a9722824dc57e,código del diagnóstico ejecutado
