window,symbol,market,month,source_path,source_url,source_sha256,timestamp_unit,checksum_path,checksum_sha256,partition_path,partition_sha256,csv_member,header,scanned_rows,missing_minutes_between_rows,selected_rows
early,BTCUSDT,futures,2022-09,data/minutes/2022_2023/raw/futures/klines/BTCUSDT/BTCUSDT-1m-2022-09.zip,https://data.binance.vision/data/futures/um/monthly/klines/BTCUSDT/1m/BTCUSDT-1m-2022-09.zip,fa1adecbe41b530c12f481882115511297ac7b78a9a7ae9d9d21b11c745649a4,ms,data/minutes/2022_2023/raw/futures/klines/BTCUSDT/BTCUSDT-1m-2022-09.zip.CHECKSUM,9ab66ef9b4608aa2d439d5871c0ddcdf21cdb22a12feab784366067460a8821c,data/minutes/2022_2023/processed/dataset=minute_bars/symbol=BTCUSDT/market=futures/month=2022-09/part-00000.parquet,c3631d3f455f444d228db39fb663591292e01da579dde91da3d9511c33ec16e6,BTCUSDT-1m-2022-09.csv,True,43200,0,90
early,BTCUSDT,futures,2022-10,data/minutes/2022_2023/raw/futures/klines/BTCUSDT/BTCUSDT-1m-2022-10.zip,https://data.binance.vision/data/futures/um/monthly/klines/BTCUSDT/1m/BTCUSDT-1m-2022-10.zip,0f2d2cd67b30ab186bf3db5a07acfe835f1d74335c6493c80e9e4f0598e29b2c,ms,data/minutes/2022_2023/raw/futures/klines/BTCUSDT/BTCUSDT-1m-2022-10.zip.CHECKSUM,1f8abacb022997b1b4e67aba543d250266fafffa82ca692d81b359613b65c20e,data/minutes/2022_2023/processed/dataset=minute_bars/symbol=BTCUSDT/market=futures/month=2022-10/part-00000.parquet,c23f3ba3a0c76cd2913422ba909807a401667f24d4d5081b928f0dd8eb353e2a,BTCUSDT-1m-2022-10.csv,True,44640,0,93
early,BTCUSDT,futures,2022-11,data/minutes/2022_2023/raw/futures/klines/BTCUSDT/BTCUSDT-1m-2022-11.zip,https://data.binance.vision/data/futures/um/monthly/klines/BTCUSDT/1m/BTCUSDT-1m-2022-11.zip,96916aba47f230a9bc68cd3fd98d0d352e1fd8f23c16c515107c4d965a2067a3,ms,data/minutes/2022_2023/raw/futures/klines/BTCUSDT/BTCUSDT-1m-2022-11.zip.CHECKSUM,e6c55d247089a1641f5706220a472064ab1181d62b9a987ed98334aa612398bb,data/minutes/2022_2023/processed/dataset=minute_bars/symbol=BTCUSDT/market=futures/month=2022-11/part-00000.parquet,f5ffef0516f6c55f90432ecf1cd824714f89ae42d806b7966086f737791202b4,BTCUSDT-1m-2022-11.csv,True,43200,0,90
early,BTCUSDT,futures,2022-12,data/minutes/2022_2023/raw/futures/klines/BTCUSDT/BTCUSDT-1m-2022-12.zip,https://data.binance.vision/data/futures/um/monthly/klines/BTCUSDT/1m/BTCUSDT-1m-2022-12.zip,0f4788019cdb29f4db7b03d9efefce099d7adf49c0daf70a144b814b292bf577,ms,data/minutes/2022_2023/raw/futures/klines/BTCUSDT/BTCUSDT-1m-2022-12.zip.CHECKSUM,2ff163988f4c120f44079b5b722492e8758070da4eeba485f2a1e7f48ff13c66,data/minutes/2022_2023/processed/dataset=minute_bars/symbol=BTCUSDT/market=futures/month=2022-12/part-00000.parquet,b65ffab03592c062d0dc7ebd12a557cc615597959af5c22843f2631d8af2f725,BTCUSDT-1m-2022-12.csv,True,44640,0,93
early,BTCUSDT,futures,2023-01,data/minutes/2022_2023/raw/futures/klines/BTCUSDT/BTCUSDT-1m-2023-01.zip,https://data.binance.vision/data/futures/um/monthly/klines/BTCUSDT/1m/BTCUSDT-1m-2023-01.zip,b7b04483464b36c89f519bf35d6461d278c709577562108b6a00fb786b92e6a6,ms,data/minutes/2022_2023/raw/futures/klines/BTCUSDT/BTCUSDT-1m-2023-01.zip.CHECKSUM,435885dbe1655d04ae70a4b5feb8908a931697f2167c097b415da9a39587a964,data/minutes/2022_2023/processed/dataset=minute_bars/symbol=BTCUSDT/market=futures/month=2023-01/part-00000.parquet,5784b25b0a1d8a708321106b6c224814c2569fb2b3083eb7ca9180c4078177b2,BTCUSDT-1m-2023-01.csv,True,44640,0,93
early,BTCUSDT,futures,2023-02,data/minutes/2022_2023/raw/futures/klines/BTCUSDT/BTCUSDT-1m-2023-02.zip,https://data.binance.vision/data/futures/um/monthly/klines/BTCUSDT/1m/BTCUSDT-1m-2023-02.zip,b62ca5df57b1715109cb1fd57097529b28410fb36b0db5bd41dbefe7e070db68,ms,data/minutes/2022_2023/raw/futures/klines/BTCUSDT/BTCUSDT-1m-2023-02.zip.CHECKSUM,bb78e70eb11e0a54c07e08c4cd7178a5caf4b3ca4bd2273aea62560baa005b43,data/minutes/2022_2023/processed/dataset=minute_bars/symbol=BTCUSDT/market=futures/month=2023-02/part-00000.parquet,5e4d0f8292b2260c8873ef8ac655bbc666b3dc19a31bf105b6d07e6ab2d0a2fe,BTCUSDT-1m-2023-02.csv,True,40320,0,84
early,BTCUSDT,futures,2023-03,data/minutes/2022_2023/raw/futures/klines/BTCUSDT/BTCUSDT-1m-2023-03.zip,https://data.binance.vision/data/futures/um/monthly/klines/BTCUSDT/1m/BTCUSDT-1m-2023-03.zip,1cb47aae71e941d3e9d333f9c96723eb35c8b4a7ec90e819c59a7c02f89b03bb,ms,data/minutes/2022_2023/raw/futures/klines/BTCUSDT/BTCUSDT-1m-2023-03.zip.CHECKSUM,51c7108498af060dc5b7f79f5da3aba626e87bced5cc6bd010cdbbc73c948b17,data/minutes/2022_2023/processed/dataset=minute_bars/symbol=BTCUSDT/market=futures/month=2023-03/part-00000.parquet,96a9a7ed06ba04f368d44e2f199b1a48a77834be2376b538c30f929f600b2ff2,BTCUSDT-1m-2023-03.csv,True,44640,0,93
early,BTCUSDT,futures,2023-04,data/minutes/2022_2023/raw/futures/klines/BTCUSDT/BTCUSDT-1m-2023-04.zip,https://data.binance.vision/data/futures/um/monthly/klines/BTCUSDT/1m/BTCUSDT-1m-2023-04.zip,2c22e2e460bf0e41884bf71031eebf60224ba470b25777a4d17ddc9298390650,ms,data/minutes/2022_2023/raw/futures/klines/BTCUSDT/BTCUSDT-1m-2023-04.zip.CHECKSUM,940a46b69fd73c451ff67ad2dad7ebbbcf539164d70f333fd85421ee90ae6f5b,data/minutes/2022_2023/processed/dataset=minute_bars/symbol=BTCUSDT/market=futures/month=2023-04/part-00000.parquet,e0a5824f092675ccc35ea1c252d63d8c1a6b685fc7036bdc06bfdd3673690916,BTCUSDT-1m-2023-04.csv,True,43200,0,90
early,BTCUSDT,futures,2023-05,data/minutes/2022_2023/raw/futures/klines/BTCUSDT/BTCUSDT-1m-2023-05.zip,https://data.binance.vision/data/futures/um/monthly/klines/BTCUSDT/1m/BTCUSDT-1m-2023-05.zip,cf9e0ab390e3872ddb9d807ad161933a28e374e09dbee2b9addf659856d1e656,ms,data/minutes/2022_2023/raw/futures/klines/BTCUSDT/BTCUSDT-1m-2023-05.zip.CHECKSUM,5f883b366fe7689dde1bf307b84fba6e31173d364bcc9c2ce53cb9e596cb261c,data/minutes/2022_2023/processed/dataset=minute_bars/symbol=BTCUSDT/market=futures/month=2023-05/part-00000.parquet,24aed9c4d1a06cfbcbf15097bed20d3baf4f5eb485259e050f64c10016d6d397,BTCUSDT-1m-2023-05.csv,True,44640,0,93
early,BTCUSDT,futures,2023-06,data/minutes/2022_2023/raw/futures/klines/BTCUSDT/BTCUSDT-1m-2023-06.zip,https://data.binance.vision/data/futures/um/monthly/klines/BTCUSDT/1m/BTCUSDT-1m-2023-06.zip,8dac3fe301198e752b257817542a7ded393dbe00b604f67aba6bc0090778ae95,ms,data/minutes/2022_2023/raw/futures/klines/BTCUSDT/BTCUSDT-1m-2023-06.zip.CHECKSUM,2b7d1bc58a2e839e76254b1ed01686e8ed35d1ef83404ca74e34b8768b1aeb04,data/minutes/2022_2023/processed/dataset=minute_bars/symbol=BTCUSDT/market=futures/month=2023-06/part-00000.parquet,0acf0aaed9808a7c2f86a8c374712b61bb332f7063aaea9fd2a9514373404b76,BTCUSDT-1m-2023-06.csv,True,43200,0,90
early,BTCUSDT,futures,2023-07,data/minutes/2022_2023/raw/futures/klines/BTCUSDT/BTCUSDT-1m-2023-07.zip,https://data.binance.vision/data/futures/um/monthly/klines/BTCUSDT/1m/BTCUSDT-1m-2023-07.zip,5cc84c767c9f4d1fa3cb3d33bd009a0b5e3a445e9c89ad2ef259c90b0365cbc3,ms,data/minutes/2022_2023/raw/futures/klines/BTCUSDT/BTCUSDT-1m-2023-07.zip.CHECKSUM,ffe6ff2766dee40fde87ef09919d01aab7e70b9aa0ad49aa767c3add01eae735,data/minutes/2022_2023/processed/dataset=minute_bars/symbol=BTCUSDT/market=futures/month=2023-07/part-00000.parquet,6942fad5f6fb8156c9eef4b2831eb5e419ca05867ccde169bba7e8ec260461e8,BTCUSDT-1m-2023-07.csv,True,44640,0,93
early,BTCUSDT,futures,2023-08,data/minutes/2022_2023/raw/futures/klines/BTCUSDT/BTCUSDT-1m-2023-08.zip,https://data.binance.vision/data/futures/um/monthly/klines/BTCUSDT/1m/BTCUSDT-1m-2023-08.zip,8d77e6f898fba3aa5bf643d128e0aaa1b722ea6881cd26a3d19088705117a1d7,ms,data/minutes/2022_2023/raw/futures/klines/BTCUSDT/BTCUSDT-1m-2023-08.zip.CHECKSUM,fc6def4997587e642c9c0ca805934bd73327bd5d885199c7fc6325d9dd096d1a,data/minutes/2022_2023/processed/dataset=minute_bars/symbol=BTCUSDT/market=futures/month=2023-08/part-00000.parquet,b319dc731ee5de9b3f7d4216d72333b77d1b28a6b5792ae95a02a4c7769598d9,BTCUSDT-1m-2023-08.csv,True,44640,0,93
early,BTCUSDT,spot,2022-09,data/minutes/2022_2023/raw/spot/klines/BTCUSDT/BTCUSDT-1m-2022-09.zip,https://data.binance.vision/data/spot/monthly/klines/BTCUSDT/1m/BTCUSDT-1m-2022-09.zip,72b22ae8bbb91342c672c2915680729ce2e7223d21386de08d4af906e6bb0713,ms,data/minutes/2022_2023/raw/spot/klines/BTCUSDT/BTCUSDT-1m-2022-09.zip.CHECKSUM,e4a2c242d17df37f0b025e0ac3f812831785095b88b2f72964fd8b2911a0bbfd,data/minutes/2022_2023/processed/dataset=minute_bars/symbol=BTCUSDT/market=spot/month=2022-09/part-00000.parquet,c7e8967bc15263460ed83ac8bf5c0fdd35646e9c84b8115d825a6228d48510b7,BTCUSDT-1m-2022-09.csv,False,43200,0,90
early,BTCUSDT,spot,2022-10,data/minutes/2022_2023/raw/spot/klines/BTCUSDT/BTCUSDT-1m-2022-10.zip,https://data.binance.vision/data/spot/monthly/klines/BTCUSDT/1m/BTCUSDT-1m-2022-10.zip,5c9497d81e565c88256b1b17e86bc7257fc1f4a133ec50109c6a5a9bbd180f3f,ms,data/minutes/2022_2023/raw/spot/klines/BTCUSDT/BTCUSDT-1m-2022-10.zip.CHECKSUM,21c4c9df8e442d2f518a0f2223f505e8b0d0080b513dbd09c0166802103a0454,data/minutes/2022_2023/processed/dataset=minute_bars/symbol=BTCUSDT/market=spot/month=2022-10/part-00000.parquet,c1d11baece84506ac7d7912946c780d0652483d768e4e2f72a17e58eb0dcb8df,BTCUSDT-1m-2022-10.csv,False,44640,0,93
early,BTCUSDT,spot,2022-11,data/minutes/2022_2023/raw/spot/klines/BTCUSDT/BTCUSDT-1m-2022-11.zip,https://data.binance.vision/data/spot/monthly/klines/BTCUSDT/1m/BTCUSDT-1m-2022-11.zip,7b7463638505f303ea91ababadff27bbb46c6d448428f99288f5faf790250a71,ms,data/minutes/2022_2023/raw/spot/klines/BTCUSDT/BTCUSDT-1m-2022-11.zip.CHECKSUM,2d84298019449d7445e18a70d004844c8e4c10739e69a56d835f321126d22c25,data/minutes/2022_2023/processed/dataset=minute_bars/symbol=BTCUSDT/market=spot/month=2022-11/part-00000.parquet,e675f1cb3028e37d79e8ab977db075e6edecc425cf29f26ae07e25013fc3cb56,BTCUSDT-1m-2022-11.csv,False,43200,0,90
early,BTCUSDT,spot,2022-12,data/minutes/2022_2023/raw/spot/klines/BTCUSDT/BTCUSDT-1m-2022-12.zip,https://data.binance.vision/data/spot/monthly/klines/BTCUSDT/1m/BTCUSDT-1m-2022-12.zip,38f93ad56a5f13491094b0ef965f03cea2d6097cc72b7179489b7d60d5fd446b,ms,data/minutes/2022_2023/raw/spot/klines/BTCUSDT/BTCUSDT-1m-2022-12.zip.CHECKSUM,ca54c8bd065ae9aa0679eb65a9d7c946546db722d38417608376ef9f28a564dc,data/minutes/2022_2023/processed/dataset=minute_bars/symbol=BTCUSDT/market=spot/month=2022-12/part-00000.parquet,f74e505c141c3e76d072832d327c38550b920d1c20ea21c5970883a5aaae5b39,BTCUSDT-1m-2022-12.csv,False,44640,0,93
early,BTCUSDT,spot,2023-01,data/minutes/2022_2023/raw/spot/klines/BTCUSDT/BTCUSDT-1m-2023-01.zip,https://data.binance.vision/data/spot/monthly/klines/BTCUSDT/1m/BTCUSDT-1m-2023-01.zip,664116c2f33465d191684887f0d4834c02eb0a2635ada43eca855a99e6b6b0c5,ms,data/minutes/2022_2023/raw/spot/klines/BTCUSDT/BTCUSDT-1m-2023-01.zip.CHECKSUM,3347492df4abffdabb9db9d232dc7f5815be4c2db8d7ba64e2809c5d7ce51ea7,data/minutes/2022_2023/processed/dataset=minute_bars/symbol=BTCUSDT/market=spot/month=2023-01/part-00000.parquet,66bd0140c24cac84622caa14d2549297bd5ab76111c3cb7dbb192d1f674b5715,BTCUSDT-1m-2023-01.csv,False,44640,0,93
early,BTCUSDT,spot,2023-02,data/minutes/2022_2023/raw/spot/klines/BTCUSDT/BTCUSDT-1m-2023-02.zip,https://data.binance.vision/data/spot/monthly/klines/BTCUSDT/1m/BTCUSDT-1m-2023-02.zip,bff03104aa247f791a12a122336cb8c928e19fea5b74276d83a248878b9a619a,ms,data/minutes/2022_2023/raw/spot/klines/BTCUSDT/BTCUSDT-1m-2023-02.zip.CHECKSUM,84bd5e37d2f9030b4502a114af4da5c8f7101fa3a54dd2c6c510c1be74e26d70,data/minutes/2022_2023/processed/dataset=minute_bars/symbol=BTCUSDT/market=spot/month=2023-02/part-00000.parquet,09011af080676778c45d4cf0c28dd5c92229884e1a455f90db9cf70a54a7c4ec,BTCUSDT-1m-2023-02.csv,False,40320,0,84
early,BTCUSDT,spot,2023-03,data/minutes/2022_2023/raw/spot/klines/BTCUSDT/BTCUSDT-1m-2023-03.zip,https://data.binance.vision/data/spot/monthly/klines/BTCUSDT/1m/BTCUSDT-1m-2023-03.zip,5591171a15f210af647a2fb68ab8cbad45a3a595cfe9a0eec9d06e5e84928bec,ms,data/minutes/2022_2023/raw/spot/klines/BTCUSDT/BTCUSDT-1m-2023-03.zip.CHECKSUM,f7f452c298b3a650fbc9604688eec17f76938db8a0bf19c168625e9e88b14077,data/minutes/2022_2023/processed/dataset=minute_bars/symbol=BTCUSDT/market=spot/month=2023-03/part-00000.parquet,038d640d07a849d237c2f03a7668e25bd00fc13ce2039c11446547eb46de259d,BTCUSDT-1m-2023-03.csv,False,44560,80,93
early,BTCUSDT,spot,2023-04,data/minutes/2022_2023/raw/spot/klines/BTCUSDT/BTCUSDT-1m-2023-04.zip,https://data.binance.vision/data/spot/monthly/klines/BTCUSDT/1m/BTCUSDT-1m-2023-04.zip,c71baedea84f9fc1a0ad297b383505b1cb84c0a7fc111caa149aa6fb2defa5da,ms,data/minutes/2022_2023/raw/spot/klines/BTCUSDT/BTCUSDT-1m-2023-04.zip.CHECKSUM,21af7ffbc2e2d3988268a28227b293a187e819f9e0eeac9f7db59e64a988b08b,data/minutes/2022_2023/processed/dataset=minute_bars/symbol=BTCUSDT/market=spot/month=2023-04/part-00000.parquet,12f44d8135af7163de90675e1026decba8b3103f3f0c2f003fc8b35a4f5c19ab,BTCUSDT-1m-2023-04.csv,False,43200,0,90
early,BTCUSDT,spot,2023-05,data/minutes/2022_2023/raw/spot/klines/BTCUSDT/BTCUSDT-1m-2023-05.zip,https://data.binance.vision/data/spot/monthly/klines/BTCUSDT/1m/BTCUSDT-1m-2023-05.zip,c83bd079dc67b9e542d07fe9491f8b1bf513185d6d7cc4ce17710f21c8d0037b,ms,data/minutes/2022_2023/raw/spot/klines/BTCUSDT/BTCUSDT-1m-2023-05.zip.CHECKSUM,a68839c4e9a1c6dc2785f77ba1ba13d52a1d7c599f5aadaf2af7829ffca30ab3,data/minutes/2022_2023/processed/dataset=minute_bars/symbol=BTCUSDT/market=spot/month=2023-05/part-00000.parquet,807373aa5c1040631b75157e08e1ef02ef5dd04bf52915864ca08cd0f1281a19,BTCUSDT-1m-2023-05.csv,False,44640,0,93
early,BTCUSDT,spot,2023-06,data/minutes/2022_2023/raw/spot/klines/BTCUSDT/BTCUSDT-1m-2023-06.zip,https://data.binance.vision/data/spot/monthly/klines/BTCUSDT/1m/BTCUSDT-1m-2023-06.zip,d8cf5d1817fa1d8cba8eaf4d189614cf05b15d7233e9e29a0156d2dee2cfaad1,ms,data/minutes/2022_2023/raw/spot/klines/BTCUSDT/BTCUSDT-1m-2023-06.zip.CHECKSUM,221b87159f09f082e506ce688eeb7c19488cf1069356441fd029517b03bbfb84,data/minutes/2022_2023/processed/dataset=minute_bars/symbol=BTCUSDT/market=spot/month=2023-06/part-00000.parquet,208a1ce16d7a6bf3671e877d34a8a6fed605be3262d2c516221821f5b2892ac7,BTCUSDT-1m-2023-06.csv,False,43200,0,90
early,BTCUSDT,spot,2023-07,data/minutes/2022_2023/raw/spot/klines/BTCUSDT/BTCUSDT-1m-2023-07.zip,https://data.binance.vision/data/spot/monthly/klines/BTCUSDT/1m/BTCUSDT-1m-2023-07.zip,8f32a4ef47bd758b33bfaf680a71792f8d97ca4d89ae55ff3d2272cc3974560c,ms,data/minutes/2022_2023/raw/spot/klines/BTCUSDT/BTCUSDT-1m-2023-07.zip.CHECKSUM,cf0248df2fa6f8a80ece6f4cfbe440915083422e9a4f9bf66264ec5c5db3b8fc,data/minutes/2022_2023/processed/dataset=minute_bars/symbol=BTCUSDT/market=spot/month=2023-07/part-00000.parquet,43ae2f27dd79a0561aa580dd0aeeef69878890fbcb50f4e2ecf17ba882c4437d,BTCUSDT-1m-2023-07.csv,False,44640,0,93
early,BTCUSDT,spot,2023-08,data/minutes/2022_2023/raw/spot/klines/BTCUSDT/BTCUSDT-1m-2023-08.zip,https://data.binance.vision/data/spot/monthly/klines/BTCUSDT/1m/BTCUSDT-1m-2023-08.zip,b4d775d24d905660d8ad00bfa1fc0157ec83c4b4f0c4aacca8818dad5d17c6c6,ms,data/minutes/2022_2023/raw/spot/klines/BTCUSDT/BTCUSDT-1m-2023-08.zip.CHECKSUM,65d3b1ff637ef2068693bf1d53e9c6e300a3ba06b6c4fd346f1902bd13799469,data/minutes/2022_2023/processed/dataset=minute_bars/symbol=BTCUSDT/market=spot/month=2023-08/part-00000.parquet,e19b5d996dbb93deff6981bbd966b2e5f04be49575c6568e6e247f7e3725ccf2,BTCUSDT-1m-2023-08.csv,False,44640,0,93
early,ETHUSDT,futures,2022-09,data/minutes/2022_2023/raw/futures/klines/ETHUSDT/ETHUSDT-1m-2022-09.zip,https://data.binance.vision/data/futures/um/monthly/klines/ETHUSDT/1m/ETHUSDT-1m-2022-09.zip,a063208820fa69a391071daf2ba30a2eebafc41f1de2b4dac34752980004d83c,ms,data/minutes/2022_2023/raw/futures/klines/ETHUSDT/ETHUSDT-1m-2022-09.zip.CHECKSUM,199919cfaa3d2d972f47d689b4d0e19fc4a13f50ac9d14e48f32542e821a0f80,data/minutes/2022_2023/processed/dataset=minute_bars/symbol=ETHUSDT/market=futures/month=2022-09/part-00000.parquet,00cd001106767a2a576ac8bbfc63266eab3c626a5f216d51762cfcd7577647cb,ETHUSDT-1m-2022-09.csv,True,43200,0,90
early,ETHUSDT,futures,2022-10,data/minutes/2022_2023/raw/futures/klines/ETHUSDT/ETHUSDT-1m-2022-10.zip,https://data.binance.vision/data/futures/um/monthly/klines/ETHUSDT/1m/ETHUSDT-1m-2022-10.zip,dfbf63b2f5e6131156cf6934cc414af4b08d4bd83bce6bb0c3ad8e843e084281,ms,data/minutes/2022_2023/raw/futures/klines/ETHUSDT/ETHUSDT-1m-2022-10.zip.CHECKSUM,c223361a58c790af1f41d3af06b5d276445630184b6835c5c5a4c385e6804b9d,data/minutes/2022_2023/processed/dataset=minute_bars/symbol=ETHUSDT/market=futures/month=2022-10/part-00000.parquet,be08bf709900bd86ec3942ffc8892179f9ad858fadae9e82d142177e81c4280c,ETHUSDT-1m-2022-10.csv,True,44640,0,93
early,ETHUSDT,futures,2022-11,data/minutes/2022_2023/raw/futures/klines/ETHUSDT/ETHUSDT-1m-2022-11.zip,https://data.binance.vision/data/futures/um/monthly/klines/ETHUSDT/1m/ETHUSDT-1m-2022-11.zip,28c780ededdc1f725869a5bc91edbaf570941b8d3e9fdd8ad815d32d74e07c16,ms,data/minutes/2022_2023/raw/futures/klines/ETHUSDT/ETHUSDT-1m-2022-11.zip.CHECKSUM,a4481cb3124135dd8dd383ad379e90c88dc5f5a3974195bbdb29e34eab036c25,data/minutes/2022_2023/processed/dataset=minute_bars/symbol=ETHUSDT/market=futures/month=2022-11/part-00000.parquet,220a95c0542b923941541b77f936a2aed02d7f5d33ac8c54ec85a30c09ae7ee2,ETHUSDT-1m-2022-11.csv,True,43200,0,90
early,ETHUSDT,futures,2022-12,data/minutes/2022_2023/raw/futures/klines/ETHUSDT/ETHUSDT-1m-2022-12.zip,https://data.binance.vision/data/futures/um/monthly/klines/ETHUSDT/1m/ETHUSDT-1m-2022-12.zip,1e426fd43bd84ab244e8a47630d7b09084455dc68eee32eb5ccecd9950c68af6,ms,data/minutes/2022_2023/raw/futures/klines/ETHUSDT/ETHUSDT-1m-2022-12.zip.CHECKSUM,bc448a41f03e18693663ee3e10bfe8123a94a25df334be475c276cc497dbeaaf,data/minutes/2022_2023/processed/dataset=minute_bars/symbol=ETHUSDT/market=futures/month=2022-12/part-00000.parquet,a9a31d044bfa25fa0823354625b3eed7d668751c15b77f4cd8f017a086c04219,ETHUSDT-1m-2022-12.csv,True,44640,0,93
early,ETHUSDT,futures,2023-01,data/minutes/2022_2023/raw/futures/klines/ETHUSDT/ETHUSDT-1m-2023-01.zip,https://data.binance.vision/data/futures/um/monthly/klines/ETHUSDT/1m/ETHUSDT-1m-2023-01.zip,0f501c198dd70e9330e698d62fbaeaf8b4b94275a4157b859f9fc3de0498dfe4,ms,data/minutes/2022_2023/raw/futures/klines/ETHUSDT/ETHUSDT-1m-2023-01.zip.CHECKSUM,272ceaeddaf386837decb92290bd3a940f80fc461f8f7aa76a6d91f16065a4d9,data/minutes/2022_2023/processed/dataset=minute_bars/symbol=ETHUSDT/market=futures/month=2023-01/part-00000.parquet,8aea2a16f96643c559b00deaaefde6c845db2e4a0b5e2a0b12168edd79e40239,ETHUSDT-1m-2023-01.csv,True,44640,0,93
early,ETHUSDT,futures,2023-02,data/minutes/2022_2023/raw/futures/klines/ETHUSDT/ETHUSDT-1m-2023-02.zip,https://data.binance.vision/data/futures/um/monthly/klines/ETHUSDT/1m/ETHUSDT-1m-2023-02.zip,e19b3ba0cfb3121d51d0617a0b0f6889233d8d4e6ce6f391e573adfce2385c88,ms,data/minutes/2022_2023/raw/futures/klines/ETHUSDT/ETHUSDT-1m-2023-02.zip.CHECKSUM,e149ef4df14ec5861eba27d8a3167d5df16ac061cbe631e4db90ea3c7fd545af,data/minutes/2022_2023/processed/dataset=minute_bars/symbol=ETHUSDT/market=futures/month=2023-02/part-00000.parquet,5248c1dcf4500fd2e9f64d4d09b29b4904b3cbb86833bb6a3302f3f61d07574b,ETHUSDT-1m-2023-02.csv,True,40320,0,84
early,ETHUSDT,futures,2023-03,data/minutes/2022_2023/raw/futures/klines/ETHUSDT/ETHUSDT-1m-2023-03.zip,https://data.binance.vision/data/futures/um/monthly/klines/ETHUSDT/1m/ETHUSDT-1m-2023-03.zip,277ce2cc1c7175df2d19ccebe081ff286bc3ef6eb028c698f86c4eca1b9b4989,ms,data/minutes/2022_2023/raw/futures/klines/ETHUSDT/ETHUSDT-1m-2023-03.zip.CHECKSUM,3345d8e15d6653fdd2f012e1794fec24419e2a2f1203e6a1fa676d01d5085fb8,data/minutes/2022_2023/processed/dataset=minute_bars/symbol=ETHUSDT/market=futures/month=2023-03/part-00000.parquet,79894b01973ff6122e1d5cd32cde0e205f290b890f18f06890176f43bf6644e9,ETHUSDT-1m-2023-03.csv,True,44640,0,93
early,ETHUSDT,futures,2023-04,data/minutes/2022_2023/raw/futures/klines/ETHUSDT/ETHUSDT-1m-2023-04.zip,https://data.binance.vision/data/futures/um/monthly/klines/ETHUSDT/1m/ETHUSDT-1m-2023-04.zip,b900eb2661c1559133d58ea820a9c54d2a3fb0054ba148c7f0d86a1a790b267a,ms,data/minutes/2022_2023/raw/futures/klines/ETHUSDT/ETHUSDT-1m-2023-04.zip.CHECKSUM,f0f8a22423a4080a850e9ab7426c03ba411ff3e500a13a402add275027002278,data/minutes/2022_2023/processed/dataset=minute_bars/symbol=ETHUSDT/market=futures/month=2023-04/part-00000.parquet,d4b954723c8a54645388f23adc3bbe2ea6a0e81bb9762ab91b265f5ddbc2b007,ETHUSDT-1m-2023-04.csv,True,43200,0,90
early,ETHUSDT,futures,2023-05,data/minutes/2022_2023/raw/futures/klines/ETHUSDT/ETHUSDT-1m-2023-05.zip,https://data.binance.vision/data/futures/um/monthly/klines/ETHUSDT/1m/ETHUSDT-1m-2023-05.zip,5d75bb047ecbb013fabefd80e883b3dd6d21cd98bfbedb208147e5b2e7c395d6,ms,data/minutes/2022_2023/raw/futures/klines/ETHUSDT/ETHUSDT-1m-2023-05.zip.CHECKSUM,095aff5828cac4404e7e842302a3d8f60bce153cfc64e264c865720564d95988,data/minutes/2022_2023/processed/dataset=minute_bars/symbol=ETHUSDT/market=futures/month=2023-05/part-00000.parquet,09e60185f8883f547c04a9563f3ed0e52e308e721e52234ede61bf53179dc739,ETHUSDT-1m-2023-05.csv,True,44640,0,93
early,ETHUSDT,futures,2023-06,data/minutes/2022_2023/raw/futures/klines/ETHUSDT/ETHUSDT-1m-2023-06.zip,https://data.binance.vision/data/futures/um/monthly/klines/ETHUSDT/1m/ETHUSDT-1m-2023-06.zip,726c301fe41f23a79eed5a09ff556ffb9dbdfb54ce2a66fe2737ae61c33d07c1,ms,data/minutes/2022_2023/raw/futures/klines/ETHUSDT/ETHUSDT-1m-2023-06.zip.CHECKSUM,9a77c9519e78c7293f55b71557ff4670b6f1a0c40b8abe36e1bac3a66719e024,data/minutes/2022_2023/processed/dataset=minute_bars/symbol=ETHUSDT/market=futures/month=2023-06/part-00000.parquet,09ccde20ab6d91054497d1dc74d1892446ba90f158bf4824d24581b4c2051b88,ETHUSDT-1m-2023-06.csv,True,43200,0,90
early,ETHUSDT,futures,2023-07,data/minutes/2022_2023/raw/futures/klines/ETHUSDT/ETHUSDT-1m-2023-07.zip,https://data.binance.vision/data/futures/um/monthly/klines/ETHUSDT/1m/ETHUSDT-1m-2023-07.zip,cd3bcf0ed40e17b4c4cbce1f6af1c8fe2be309db2fecdfc7436f7c453a15e177,ms,data/minutes/2022_2023/raw/futures/klines/ETHUSDT/ETHUSDT-1m-2023-07.zip.CHECKSUM,2fd7389120f864725f7b118722d81ab2e83e5292334812ed214090df41bec4ff,data/minutes/2022_2023/processed/dataset=minute_bars/symbol=ETHUSDT/market=futures/month=2023-07/part-00000.parquet,462b6aff097bd1934162155e2bb4957ff909164ad668d1d12da389e8fcb08a88,ETHUSDT-1m-2023-07.csv,True,44640,0,93
early,ETHUSDT,futures,2023-08,data/minutes/2022_2023/raw/futures/klines/ETHUSDT/ETHUSDT-1m-2023-08.zip,https://data.binance.vision/data/futures/um/monthly/klines/ETHUSDT/1m/ETHUSDT-1m-2023-08.zip,b0f54f67f3135d3f64ea2ca9a95f01fb18031c1b6d7ffbf552aa37e4965bcee5,ms,data/minutes/2022_2023/raw/futures/klines/ETHUSDT/ETHUSDT-1m-2023-08.zip.CHECKSUM,d533191f0803a821443ff5f7955ac9013ff3e7cf34649d6e728e828f4260f29d,data/minutes/2022_2023/processed/dataset=minute_bars/symbol=ETHUSDT/market=futures/month=2023-08/part-00000.parquet,4481dc52946d50cea6a45e441ab69226f79b6e4de7fe988ac1e26d36c7f2f5f7,ETHUSDT-1m-2023-08.csv,True,44640,0,93
early,ETHUSDT,spot,2022-09,data/minutes/2022_2023/raw/spot/klines/ETHUSDT/ETHUSDT-1m-2022-09.zip,https://data.binance.vision/data/spot/monthly/klines/ETHUSDT/1m/ETHUSDT-1m-2022-09.zip,2f608ec0e0072c8ec88dc8df798e101af9937702edd37f3447107faa00c84445,ms,data/minutes/2022_2023/raw/spot/klines/ETHUSDT/ETHUSDT-1m-2022-09.zip.CHECKSUM,4fce2b6713bf0bf995b8a82e1e361d7e58fea0881714e53a54c304aeb0efcb12,data/minutes/2022_2023/processed/dataset=minute_bars/symbol=ETHUSDT/market=spot/month=2022-09/part-00000.parquet,90deba035b36cce7ae2e427a0299e53dfeb0f8c4c1413524280b47aae5385df3,ETHUSDT-1m-2022-09.csv,False,43200,0,90
early,ETHUSDT,spot,2022-10,data/minutes/2022_2023/raw/spot/klines/ETHUSDT/ETHUSDT-1m-2022-10.zip,https://data.binance.vision/data/spot/monthly/klines/ETHUSDT/1m/ETHUSDT-1m-2022-10.zip,99648a89a2a713738cf36780f748a6ab9f84737d52fde3728dd59218ac832bc3,ms,data/minutes/2022_2023/raw/spot/klines/ETHUSDT/ETHUSDT-1m-2022-10.zip.CHECKSUM,e1155e1edd5b99ee43f3d8bd0f1a26b1456654fe67f8ec9100f234eee78c3204,data/minutes/2022_2023/processed/dataset=minute_bars/symbol=ETHUSDT/market=spot/month=2022-10/part-00000.parquet,abf9d5bdec728bb71d83684f9d0cd720482e7180c65b0cc7b52e49c95c1bf0f2,ETHUSDT-1m-2022-10.csv,False,44640,0,93
early,ETHUSDT,spot,2022-11,data/minutes/2022_2023/raw/spot/klines/ETHUSDT/ETHUSDT-1m-2022-11.zip,https://data.binance.vision/data/spot/monthly/klines/ETHUSDT/1m/ETHUSDT-1m-2022-11.zip,925acf2264f9ffbe1dea1beada4b480eed9bfd7585bebe799a276d7e85ada0df,ms,data/minutes/2022_2023/raw/spot/klines/ETHUSDT/ETHUSDT-1m-2022-11.zip.CHECKSUM,3cd8c4ecd921f401c50f22767919b6daa3c9c88ff91e897d5c72992355ff4565,data/minutes/2022_2023/processed/dataset=minute_bars/symbol=ETHUSDT/market=spot/month=2022-11/part-00000.parquet,0449ed4df3f3678eb3b334e6ab2966c12dbc209aa67b2249fbde60797f58522e,ETHUSDT-1m-2022-11.csv,False,43200,0,90
early,ETHUSDT,spot,2022-12,data/minutes/2022_2023/raw/spot/klines/ETHUSDT/ETHUSDT-1m-2022-12.zip,https://data.binance.vision/data/spot/monthly/klines/ETHUSDT/1m/ETHUSDT-1m-2022-12.zip,0a4c1f1a0d983cdf3207737bcff6550e6fa00dd6e0e4abb7a6c686beaca5a58f,ms,data/minutes/2022_2023/raw/spot/klines/ETHUSDT/ETHUSDT-1m-2022-12.zip.CHECKSUM,ae27c34b77ef03ca5d00cddc4b1390dd8dfe19f297f84d3dcef83f9aff0dba64,data/minutes/2022_2023/processed/dataset=minute_bars/symbol=ETHUSDT/market=spot/month=2022-12/part-00000.parquet,3e97e3a85feb854d3de5e1190169c0a37fee9861de040aab83c5bf3560ed24a9,ETHUSDT-1m-2022-12.csv,False,44640,0,93
early,ETHUSDT,spot,2023-01,data/minutes/2022_2023/raw/spot/klines/ETHUSDT/ETHUSDT-1m-2023-01.zip,https://data.binance.vision/data/spot/monthly/klines/ETHUSDT/1m/ETHUSDT-1m-2023-01.zip,c69ea0c9b620b53f15dc5e20a1446a2f233e2d8c8dd8eaa8bf49dae92f3162c3,ms,data/minutes/2022_2023/raw/spot/klines/ETHUSDT/ETHUSDT-1m-2023-01.zip.CHECKSUM,68e6191e3a726f366e179e892ffc60afb22d3d6afa0e2b6d71d7ac96589a5ed4,data/minutes/2022_2023/processed/dataset=minute_bars/symbol=ETHUSDT/market=spot/month=2023-01/part-00000.parquet,fefd2ef6bcbdd0e8871726276a30fdac7b6f1fc59a27f27623f54340914f3d01,ETHUSDT-1m-2023-01.csv,False,44640,0,93
early,ETHUSDT,spot,2023-02,data/minutes/2022_2023/raw/spot/klines/ETHUSDT/ETHUSDT-1m-2023-02.zip,https://data.binance.vision/data/spot/monthly/klines/ETHUSDT/1m/ETHUSDT-1m-2023-02.zip,4ee0c9bf3c53c038798df52b085156f0fae2c59406e3e1c02ade5f680a129a11,ms,data/minutes/2022_2023/raw/spot/klines/ETHUSDT/ETHUSDT-1m-2023-02.zip.CHECKSUM,c15b369c9fadf9628273f884e119b6e68d3caddc6d51605f26b3e7e2d51a538d,data/minutes/2022_2023/processed/dataset=minute_bars/symbol=ETHUSDT/market=spot/month=2023-02/part-00000.parquet,06d733e9c09779d18da51d655501cb77fda46d4cd20d3e29a17219f99dbf6759,ETHUSDT-1m-2023-02.csv,False,40320,0,84
early,ETHUSDT,spot,2023-03,data/minutes/2022_2023/raw/spot/klines/ETHUSDT/ETHUSDT-1m-2023-03.zip,https://data.binance.vision/data/spot/monthly/klines/ETHUSDT/1m/ETHUSDT-1m-2023-03.zip,e2552c2298f4b67027bfa1f7da364b0d398e96a76dae8fa2085dddf357f60a69,ms,data/minutes/2022_2023/raw/spot/klines/ETHUSDT/ETHUSDT-1m-2023-03.zip.CHECKSUM,58eef72e2f37ec8dcf5339ff5953809faecc86edd13bc87d407f2e84adc6a46e,data/minutes/2022_2023/processed/dataset=minute_bars/symbol=ETHUSDT/market=spot/month=2023-03/part-00000.parquet,f2ecf90b0dc73314f07ac0a956fc7e33136e90164779829242ca93bde6277359,ETHUSDT-1m-2023-03.csv,False,44560,80,93
early,ETHUSDT,spot,2023-04,data/minutes/2022_2023/raw/spot/klines/ETHUSDT/ETHUSDT-1m-2023-04.zip,https://data.binance.vision/data/spot/monthly/klines/ETHUSDT/1m/ETHUSDT-1m-2023-04.zip,87d0e7d1a21d72636f60cdd50557c90cc1921664596f5b4e9713c0365c3410c5,ms,data/minutes/2022_2023/raw/spot/klines/ETHUSDT/ETHUSDT-1m-2023-04.zip.CHECKSUM,ab256c63e5be495eeb776e0cc99fb73b4c280f92f3a118a328ea83d876ecc122,data/minutes/2022_2023/processed/dataset=minute_bars/symbol=ETHUSDT/market=spot/month=2023-04/part-00000.parquet,13571eadc508cd0461ae880f8fbff6f547ab33a08a2bcac085d4b2f1b7aa9c2e,ETHUSDT-1m-2023-04.csv,False,43200,0,90
early,ETHUSDT,spot,2023-05,data/minutes/2022_2023/raw/spot/klines/ETHUSDT/ETHUSDT-1m-2023-05.zip,https://data.binance.vision/data/spot/monthly/klines/ETHUSDT/1m/ETHUSDT-1m-2023-05.zip,fe57aa54eb3467ec40d04c1585e8019c8fb0fb2085abf28bb8e615ab5461def0,ms,data/minutes/2022_2023/raw/spot/klines/ETHUSDT/ETHUSDT-1m-2023-05.zip.CHECKSUM,5dd4dacd4e9f147432d753e669d16e47e92effaff24c4a9464e2307ed0fbed85,data/minutes/2022_2023/processed/dataset=minute_bars/symbol=ETHUSDT/market=spot/month=2023-05/part-00000.parquet,ebc2a5b60ec1813150826b3a108865682f669aafb0dd05555b6733cea0ad268d,ETHUSDT-1m-2023-05.csv,False,44640,0,93
early,ETHUSDT,spot,2023-06,data/minutes/2022_2023/raw/spot/klines/ETHUSDT/ETHUSDT-1m-2023-06.zip,https://data.binance.vision/data/spot/monthly/klines/ETHUSDT/1m/ETHUSDT-1m-2023-06.zip,c12d39ce1b3b6a47e09e4b5a1c64d39939b9b58108f2c6f87e39d544cb0430f3,ms,data/minutes/2022_2023/raw/spot/klines/ETHUSDT/ETHUSDT-1m-2023-06.zip.CHECKSUM,e723bd16602f6e7ec203a438e4f17702b695ca3c3e43da39244a95e7a2976db4,data/minutes/2022_2023/processed/dataset=minute_bars/symbol=ETHUSDT/market=spot/month=2023-06/part-00000.parquet,53c5a80d8ef484b3d983769bbbafd9d23d8a9373cf8b5431c10f35cc9510a104,ETHUSDT-1m-2023-06.csv,False,43200,0,90
early,ETHUSDT,spot,2023-07,data/minutes/2022_2023/raw/spot/klines/ETHUSDT/ETHUSDT-1m-2023-07.zip,https://data.binance.vision/data/spot/monthly/klines/ETHUSDT/1m/ETHUSDT-1m-2023-07.zip,ad0b53a0f9b7ec4dd13c3d9c8a2f93dcbf797ea7ae40c8a109f5a275983869f2,ms,data/minutes/2022_2023/raw/spot/klines/ETHUSDT/ETHUSDT-1m-2023-07.zip.CHECKSUM,d8bb85d15a0420e1a4f0ed2f3a77b93fd8411718f252736c93feec780f1419f9,data/minutes/2022_2023/processed/dataset=minute_bars/symbol=ETHUSDT/market=spot/month=2023-07/part-00000.parquet,e445d5f0f6f1a2569d43616e5efb82547d1bdfdbc6e00df20bd38d0c04d2440d,ETHUSDT-1m-2023-07.csv,False,44640,0,93
early,ETHUSDT,spot,2023-08,data/minutes/2022_2023/raw/spot/klines/ETHUSDT/ETHUSDT-1m-2023-08.zip,https://data.binance.vision/data/spot/monthly/klines/ETHUSDT/1m/ETHUSDT-1m-2023-08.zip,fd3f848b8ee996504745083b8b2a34e5bdf2bd388a8fc7edf426d8dc10bffe7f,ms,data/minutes/2022_2023/raw/spot/klines/ETHUSDT/ETHUSDT-1m-2023-08.zip.CHECKSUM,9bde418fb3f76ae3f15f1475cdfcad3600225e60856bff020cdbf669ec9f47b9,data/minutes/2022_2023/processed/dataset=minute_bars/symbol=ETHUSDT/market=spot/month=2023-08/part-00000.parquet,4f8067ac4dee0db7acc10d570bc01ea94ccb1ed64fa37b896e0633417a4b7e2b,ETHUSDT-1m-2023-08.csv,False,44640,0,93
late,BTCUSDT,futures,2025-09,data/minutes/2025_2026/raw/futures/klines/BTCUSDT/BTCUSDT-1m-2025-09.zip,https://data.binance.vision/data/futures/um/monthly/klines/BTCUSDT/1m/BTCUSDT-1m-2025-09.zip,c296ba45c215934e9750ca82846c7b5d14be661649d8e4423eac834cf57330dc,ms,data/minutes/2025_2026/raw/futures/klines/BTCUSDT/BTCUSDT-1m-2025-09.zip.CHECKSUM,6f4ef936d552be64fd50163a1cb736e834c30387e07686453d3ec923251299a1,data/minutes/2025_2026/processed/dataset=minute_bars/symbol=BTCUSDT/market=futures/month=2025-09/part-00000.parquet,f12c33f67dd5eb2f3081c21fc40a03c2c548f988258c7936d7043badab5cd6b5,BTCUSDT-1m-2025-09.csv,True,43200,0,90
late,BTCUSDT,futures,2025-10,data/minutes/2025_2026/raw/futures/klines/BTCUSDT/BTCUSDT-1m-2025-10.zip,https://data.binance.vision/data/futures/um/monthly/klines/BTCUSDT/1m/BTCUSDT-1m-2025-10.zip,bb7f53350fe27b6d8e38b5856ffc43f9ecda9d568d5bf31d0db0cd011da7100f,ms,data/minutes/2025_2026/raw/futures/klines/BTCUSDT/BTCUSDT-1m-2025-10.zip.CHECKSUM,c3aef9ec655b43ba9e498bed15dd6517068efef967ad9db7a550351dc9207112,data/minutes/2025_2026/processed/dataset=minute_bars/symbol=BTCUSDT/market=futures/month=2025-10/part-00000.parquet,6dd12fec77f40ea925d285fcd3875569ce867531d3e6df7187a0f49af0f8d55d,BTCUSDT-1m-2025-10.csv,True,44640,0,93
late,BTCUSDT,futures,2025-11,data/minutes/2025_2026/raw/futures/klines/BTCUSDT/BTCUSDT-1m-2025-11.zip,https://data.binance.vision/data/futures/um/monthly/klines/BTCUSDT/1m/BTCUSDT-1m-2025-11.zip,981da0b054f99b959fe6245fb363336b46908d358f37251d59bad308f375bc54,ms,data/minutes/2025_2026/raw/futures/klines/BTCUSDT/BTCUSDT-1m-2025-11.zip.CHECKSUM,d372f7ac44a4f4b1275ee2b81de45d2e9db99a0f61232269d018605582884c69,data/minutes/2025_2026/processed/dataset=minute_bars/symbol=BTCUSDT/market=futures/month=2025-11/part-00000.parquet,43db461c2428fcc07c4fe935212224a26381e8f732ae748a36fa12b1a773adc3,BTCUSDT-1m-2025-11.csv,True,43200,0,90
late,BTCUSDT,futures,2025-12,data/minutes/2025_2026/raw/futures/klines/BTCUSDT/BTCUSDT-1m-2025-12.zip,https://data.binance.vision/data/futures/um/monthly/klines/BTCUSDT/1m/BTCUSDT-1m-2025-12.zip,2d5b2e1887dac1dfe450010877de7203a72e19df7a771067b980bbb07ad3069c,ms,data/minutes/2025_2026/raw/futures/klines/BTCUSDT/BTCUSDT-1m-2025-12.zip.CHECKSUM,ebf278ea325d7a8d695d073eb004a1e2791e16c743dfd7cb3154fcfb0abb942c,data/minutes/2025_2026/processed/dataset=minute_bars/symbol=BTCUSDT/market=futures/month=2025-12/part-00000.parquet,d902370a396acc0a1eb5aa5c961408500484eb5c9148cf3c6e39dfe2c8e717c4,BTCUSDT-1m-2025-12.csv,True,44640,0,93
late,BTCUSDT,futures,2026-01,data/minutes/2025_2026/raw/futures/klines/BTCUSDT/BTCUSDT-1m-2026-01.zip,https://data.binance.vision/data/futures/um/monthly/klines/BTCUSDT/1m/BTCUSDT-1m-2026-01.zip,58e9c620a6acda209d25766b3cf4262f3104649f5c26f247d933e0da8bb7946f,ms,data/minutes/2025_2026/raw/futures/klines/BTCUSDT/BTCUSDT-1m-2026-01.zip.CHECKSUM,63b325a0a205c6302d50c22cb28961c7d95a7f3ef776603ce21ca9e2392279da,data/minutes/2025_2026/processed/dataset=minute_bars/symbol=BTCUSDT/market=futures/month=2026-01/part-00000.parquet,64f5a1c0d1ce597334fc9971fa91cd3ce0397e284c393b40c3dd64cc2d6656c2,BTCUSDT-1m-2026-01.csv,True,44640,0,93
late,BTCUSDT,futures,2026-02,data/minutes/2025_2026/raw/futures/klines/BTCUSDT/BTCUSDT-1m-2026-02.zip,https://data.binance.vision/data/futures/um/monthly/klines/BTCUSDT/1m/BTCUSDT-1m-2026-02.zip,805626ad2dc5b704d52c211996d12e9e4b1be234998f3dba4b3d34ff79be0337,ms,data/minutes/2025_2026/raw/futures/klines/BTCUSDT/BTCUSDT-1m-2026-02.zip.CHECKSUM,8ed6e3ed7aad0efc2d4dbc731aa640b688f24d829510d0dcc52679a08063a712,data/minutes/2025_2026/processed/dataset=minute_bars/symbol=BTCUSDT/market=futures/month=2026-02/part-00000.parquet,6fd6915b515c02ec31089c964d7e563c05c447fd9131080dffcab2384aa7428e,BTCUSDT-1m-2026-02.csv,True,40320,0,84
late,BTCUSDT,futures,2026-03,data/minutes/2025_2026/raw/futures/klines/BTCUSDT/BTCUSDT-1m-2026-03.zip,https://data.binance.vision/data/futures/um/monthly/klines/BTCUSDT/1m/BTCUSDT-1m-2026-03.zip,c472a865f230bf1b5b17e124770a83c083144e3e11a115733288fb8f3e3b8baa,ms,data/minutes/2025_2026/raw/futures/klines/BTCUSDT/BTCUSDT-1m-2026-03.zip.CHECKSUM,35df21b198248687ff36ef7beb698065f6d739e93924296b82ee15b723d84585,data/minutes/2025_2026/processed/dataset=minute_bars/symbol=BTCUSDT/market=futures/month=2026-03/part-00000.parquet,3c69e561975a37ce7460caa6058a4a9404ee89c77b3d6101e71d847831f5de55,BTCUSDT-1m-2026-03.csv,True,44640,0,93
late,BTCUSDT,futures,2026-04,data/minutes/2025_2026/raw/futures/klines/BTCUSDT/BTCUSDT-1m-2026-04.zip,https://data.binance.vision/data/futures/um/monthly/klines/BTCUSDT/1m/BTCUSDT-1m-2026-04.zip,515b86570f0c6924f6dc2cf90589d3db90f3de9c6bfd9a22dde0429995dc5405,ms,data/minutes/2025_2026/raw/futures/klines/BTCUSDT/BTCUSDT-1m-2026-04.zip.CHECKSUM,a33df02f3870bafb37ecd535cc81b299f062835f84cf7cee95392aab0c13c9db,data/minutes/2025_2026/processed/dataset=minute_bars/symbol=BTCUSDT/market=futures/month=2026-04/part-00000.parquet,1beb3306e7f470f8ce21378e9c6af7db02de4ed9e9af1e9442030ca81e49c8d7,BTCUSDT-1m-2026-04.csv,True,43200,0,90
late,BTCUSDT,futures,2026-05,data/minutes/2025_2026/raw/futures/klines/BTCUSDT/BTCUSDT-1m-2026-05.zip,https://data.binance.vision/data/futures/um/monthly/klines/BTCUSDT/1m/BTCUSDT-1m-2026-05.zip,d91548e94220d5211bb32447cc4b604ee266d145f2092edc5ec613328cbbc20a,ms,data/minutes/2025_2026/raw/futures/klines/BTCUSDT/BTCUSDT-1m-2026-05.zip.CHECKSUM,f802729319385a1884072b14b5a2c1e46371648dab9d0ac7f4e96fff5bd1eb33,data/minutes/2025_2026/processed/dataset=minute_bars/symbol=BTCUSDT/market=futures/month=2026-05/part-00000.parquet,41b0ab4d737eea140e8355e75863b90e4b53b0ee3fc33139607cf722b03fc4f7,BTCUSDT-1m-2026-05.csv,True,44640,0,93
late,BTCUSDT,futures,2026-06,data/minutes/2025_2026/raw/futures/klines/BTCUSDT/BTCUSDT-1m-2026-06.zip,https://data.binance.vision/data/futures/um/monthly/klines/BTCUSDT/1m/BTCUSDT-1m-2026-06.zip,9b214199eb5063585c7ed0f59ba19323326d68ac024b85106713989399204490,ms,data/minutes/2025_2026/raw/futures/klines/BTCUSDT/BTCUSDT-1m-2026-06.zip.CHECKSUM,4ad3629c9f07704f2de61bf7e1a5508964eed95346b6a32b880089a3ea4b3596,data/minutes/2025_2026/processed/dataset=minute_bars/symbol=BTCUSDT/market=futures/month=2026-06/part-00000.parquet,ab52c982a5ed820c20ee88de98e1235ba2351bac40aa5b5dbc73afaf5192b515,BTCUSDT-1m-2026-06.csv,True,43200,0,90
late,BTCUSDT,futures,2026-07,data/minutes/2025_2026/raw/futures/klines/BTCUSDT/BTCUSDT-1m-2026-07.zip,https://data.binance.vision/data/futures/um/monthly/klines/BTCUSDT/1m/BTCUSDT-1m-2026-07.zip,f18440bb58f0c7e1ff63cbb906132002877c4914540c8aebab920da6937cff73,ms,data/minutes/2025_2026/raw/futures/klines/BTCUSDT/BTCUSDT-1m-2026-07.zip.CHECKSUM,1cd084ee3d85aa4e26070a31a691718f8d6428182a23113c54bd9f0662bcc824,data/minutes/2025_2026/processed/dataset=minute_bars/symbol=BTCUSDT/market=futures/month=2026-07/part-00000.parquet,b4f03be02b6dcc705ec89b5ea34ef1a1094ba358e10be39adb7e572c89d7d456,BTCUSDT-1m-2026-07.csv,True,44640,0,93
late,BTCUSDT,futures,2026-08,data/minutes/2025_2026/raw/futures/klines/BTCUSDT/BTCUSDT-1m-2026-08.zip,https://data.binance.vision/data/futures/um/monthly/klines/BTCUSDT/1m/BTCUSDT-1m-2026-08.zip,adfd0846ea580681aeb18a6bdf06660dcfcc1a7b6819ea2eecfc3c53240ec67a,ms,data/minutes/2025_2026/raw/futures/klines/BTCUSDT/BTCUSDT-1m-2026-08.zip.CHECKSUM,285e684f9ecfbdab2d3f6bc5ef3b968459fb6f47fa017ad3b6feda1a14cdb91e,data/minutes/2025_2026/processed/dataset=minute_bars/symbol=BTCUSDT/market=futures/month=2026-08/part-00000.parquet,abc80a890e6ae229dec75ab17352bd2d039847562177bf2335f8a80a2f5a48d8,BTCUSDT-1m-2026-08.csv,True,44640,0,93
late,BTCUSDT,spot,2025-09,data/minutes/2025_2026/raw/spot/klines/BTCUSDT/BTCUSDT-1m-2025-09.zip,https://data.binance.vision/data/spot/monthly/klines/BTCUSDT/1m/BTCUSDT-1m-2025-09.zip,52bb4a4a52afbcc0af77e3eb92c114bf810982ca63bf02f8fe15062e59c5f44b,us,data/minutes/2025_2026/raw/spot/klines/BTCUSDT/BTCUSDT-1m-2025-09.zip.CHECKSUM,2eff94856e59a879ec95564637c14333c918ae357e406e897b0114b24b7b311f,data/minutes/2025_2026/processed/dataset=minute_bars/symbol=BTCUSDT/market=spot/month=2025-09/part-00000.parquet,7535751bd8bb6cd18925d47ee3bbedae9d5e445b5d8840ff2f2654e8e5129424,BTCUSDT-1m-2025-09.csv,False,43200,0,90
late,BTCUSDT,spot,2025-10,data/minutes/2025_2026/raw/spot/klines/BTCUSDT/BTCUSDT-1m-2025-10.zip,https://data.binance.vision/data/spot/monthly/klines/BTCUSDT/1m/BTCUSDT-1m-2025-10.zip,985d878cacbfdde85c9e0da2e8830ab913fe01bfdcde6e488563d8194df11f6b,us,data/minutes/2025_2026/raw/spot/klines/BTCUSDT/BTCUSDT-1m-2025-10.zip.CHECKSUM,dc312bbfd2d5d08135078339ebc6dc1c6f82791bcb7f399f9d511348422c6b3a,data/minutes/2025_2026/processed/dataset=minute_bars/symbol=BTCUSDT/market=spot/month=2025-10/part-00000.parquet,9d972026e6c48734aa064f58dde92b2a54ea6074365c8132f573a53831ce5f2b,BTCUSDT-1m-2025-10.csv,False,44640,0,93
late,BTCUSDT,spot,2025-11,data/minutes/2025_2026/raw/spot/klines/BTCUSDT/BTCUSDT-1m-2025-11.zip,https://data.binance.vision/data/spot/monthly/klines/BTCUSDT/1m/BTCUSDT-1m-2025-11.zip,c54159d1216ab07f040a96d6678748e8746ac4200cba373fb6b758f2cdd1e5e5,us,data/minutes/2025_2026/raw/spot/klines/BTCUSDT/BTCUSDT-1m-2025-11.zip.CHECKSUM,00f41c6665bee5ce90860da569a7c287b6fda578fed93234617a7cd93f0eac35,data/minutes/2025_2026/processed/dataset=minute_bars/symbol=BTCUSDT/market=spot/month=2025-11/part-00000.parquet,7539f410ba12fedcd5d58dfe32fe6ccca13a59f531e74d0093ae55963310752b,BTCUSDT-1m-2025-11.csv,False,43200,0,90
late,BTCUSDT,spot,2025-12,data/minutes/2025_2026/raw/spot/klines/BTCUSDT/BTCUSDT-1m-2025-12.zip,https://data.binance.vision/data/spot/monthly/klines/BTCUSDT/1m/BTCUSDT-1m-2025-12.zip,7b47647352b01356dcd678a1438efb8baac03ed798785ed2179d428aab0cca9b,us,data/minutes/2025_2026/raw/spot/klines/BTCUSDT/BTCUSDT-1m-2025-12.zip.CHECKSUM,ae2cd3e7eef11d29f204728071f6b8e67c15f83cb1cdf5cc87cd78573a63f0ed,data/minutes/2025_2026/processed/dataset=minute_bars/symbol=BTCUSDT/market=spot/month=2025-12/part-00000.parquet,4c38ad32077526ed3cb0556f5999911ba136b237683e330fd66ffba3b55aa437,BTCUSDT-1m-2025-12.csv,False,44640,0,93
late,BTCUSDT,spot,2026-01,data/minutes/2025_2026/raw/spot/klines/BTCUSDT/BTCUSDT-1m-2026-01.zip,https://data.binance.vision/data/spot/monthly/klines/BTCUSDT/1m/BTCUSDT-1m-2026-01.zip,d28b369da32a6ea84ba0af517b1847ab67b2fcc1e0e111c1b24d56ae07240cb9,us,data/minutes/2025_2026/raw/spot/klines/BTCUSDT/BTCUSDT-1m-2026-01.zip.CHECKSUM,a0e0076d05b7a7de767c16fcdfb9172addfb7e03885e43e7bf7d79056db1c9e7,data/minutes/2025_2026/processed/dataset=minute_bars/symbol=BTCUSDT/market=spot/month=2026-01/part-00000.parquet,dee6340266fa3fb188b42dab4557db1ec215eea1981a0623a02f8d2208088093,BTCUSDT-1m-2026-01.csv,False,44640,0,93
late,BTCUSDT,spot,2026-02,data/minutes/2025_2026/raw/spot/klines/BTCUSDT/BTCUSDT-1m-2026-02.zip,https://data.binance.vision/data/spot/monthly/klines/BTCUSDT/1m/BTCUSDT-1m-2026-02.zip,cee2e913ed07e02834e2387c65ca430fe3576f620588bad8a02229238f385407,us,data/minutes/2025_2026/raw/spot/klines/BTCUSDT/BTCUSDT-1m-2026-02.zip.CHECKSUM,ff5189e9d0a8f3da58c8fb2a4606935b234e05ed0ccdbb98e1692dea75276cbc,data/minutes/2025_2026/processed/dataset=minute_bars/symbol=BTCUSDT/market=spot/month=2026-02/part-00000.parquet,baeab103a9fb8209d3f09c260d6676cd9e812bb33631c1c66df466103b6dbaa2,BTCUSDT-1m-2026-02.csv,False,40320,0,84
late,BTCUSDT,spot,2026-03,data/minutes/2025_2026/raw/spot/klines/BTCUSDT/BTCUSDT-1m-2026-03.zip,https://data.binance.vision/data/spot/monthly/klines/BTCUSDT/1m/BTCUSDT-1m-2026-03.zip,a2c1e689d39aa7877e218f436f15162e9a4436778a377d32e9d9b81b081381cd,us,data/minutes/2025_2026/raw/spot/klines/BTCUSDT/BTCUSDT-1m-2026-03.zip.CHECKSUM,62b4344e2e21996877699ef1fdf3514c68e9484f412719b39622126b3f3c4c0f,data/minutes/2025_2026/processed/dataset=minute_bars/symbol=BTCUSDT/market=spot/month=2026-03/part-00000.parquet,5f68fb2eda168d39e0285ece07eb63d1f821c725d1b4d0987d373b57822a48da,BTCUSDT-1m-2026-03.csv,False,44640,0,93
late,BTCUSDT,spot,2026-04,data/minutes/2025_2026/raw/spot/klines/BTCUSDT/BTCUSDT-1m-2026-04.zip,https://data.binance.vision/data/spot/monthly/klines/BTCUSDT/1m/BTCUSDT-1m-2026-04.zip,318afd4f5acfbcfbb40fbe727a77eee8e9e7b54d8941589c78a32283d90b4a01,us,data/minutes/2025_2026/raw/spot/klines/BTCUSDT/BTCUSDT-1m-2026-04.zip.CHECKSUM,4a15c1eec916a07547d4b0462cae9e0018f8892c62e9bd227c908354ff9db8a3,data/minutes/2025_2026/processed/dataset=minute_bars/symbol=BTCUSDT/market=spot/month=2026-04/part-00000.parquet,e584f20decc9d52e97e375218a086a335e2304d658ab0db52a8a77013ec02c92,BTCUSDT-1m-2026-04.csv,False,43200,0,90
late,BTCUSDT,spot,2026-05,data/minutes/2025_2026/raw/spot/klines/BTCUSDT/BTCUSDT-1m-2026-05.zip,https://data.binance.vision/data/spot/monthly/klines/BTCUSDT/1m/BTCUSDT-1m-2026-05.zip,62983d93c35e26ec6c29116c629e443b7ddfe3d301aca83331ff58112199d8d0,us,data/minutes/2025_2026/raw/spot/klines/BTCUSDT/BTCUSDT-1m-2026-05.zip.CHECKSUM,0fd9cf17e652daca79e44dc6fa7ea21a5de72699011e7704866cd6ad75c9ec98,data/minutes/2025_2026/processed/dataset=minute_bars/symbol=BTCUSDT/market=spot/month=2026-05/part-00000.parquet,193ff489e7f179d10a257b31c7a40bd860ac25fbfabebef0bba7e413a9ed5834,BTCUSDT-1m-2026-05.csv,False,44640,0,93
late,BTCUSDT,spot,2026-06,data/minutes/2025_2026/raw/spot/klines/BTCUSDT/BTCUSDT-1m-2026-06.zip,https://data.binance.vision/data/spot/monthly/klines/BTCUSDT/1m/BTCUSDT-1m-2026-06.zip,c8e1d5e70b766dd2312fc9cd7085785bb25708e27e75c21a5a5aaba61a6d07f5,us,data/minutes/2025_2026/raw/spot/klines/BTCUSDT/BTCUSDT-1m-2026-06.zip.CHECKSUM,1b97197f34f7e2794f3defa8e93ec2c02f1496303aec1aaf200ded1f3daf9741,data/minutes/2025_2026/processed/dataset=minute_bars/symbol=BTCUSDT/market=spot/month=2026-06/part-00000.parquet,1205805cc23743c561edebb5f8b690f61cb2a6c6a69b2c3bb26b99eedc9d884d,BTCUSDT-1m-2026-06.csv,False,43200,0,90
late,BTCUSDT,spot,2026-07,data/minutes/2025_2026/raw/spot/klines/BTCUSDT/BTCUSDT-1m-2026-07.zip,https://data.binance.vision/data/spot/monthly/klines/BTCUSDT/1m/BTCUSDT-1m-2026-07.zip,3ef15c84353da48e1c7c5fd99b9751cb036bf8986ed47f7cd1be63359c0d4f6b,us,data/minutes/2025_2026/raw/spot/klines/BTCUSDT/BTCUSDT-1m-2026-07.zip.CHECKSUM,e182119afc15ded08bb0292c56418c34e975bba38e6f7e80bde2597676ba976d,data/minutes/2025_2026/processed/dataset=minute_bars/symbol=BTCUSDT/market=spot/month=2026-07/part-00000.parquet,c4b28531cc3551369aa9ed67a4d3bc0fb9fbd37e7693e3e9d36cb764f4199e5a,BTCUSDT-1m-2026-07.csv,False,44640,0,93
late,BTCUSDT,spot,2026-08,data/minutes/2025_2026/raw/spot/klines/BTCUSDT/BTCUSDT-1m-2026-08.zip,https://data.binance.vision/data/spot/monthly/klines/BTCUSDT/1m/BTCUSDT-1m-2026-08.zip,acab442e02745177063031d402929703ae983715010064b40cf811c4beb843d4,us,data/minutes/2025_2026/raw/spot/klines/BTCUSDT/BTCUSDT-1m-2026-08.zip.CHECKSUM,7e5beb54a36e7e7da778f844f93ea28a62daeaad94013c28a33715610fc7c3f6,data/minutes/2025_2026/processed/dataset=minute_bars/symbol=BTCUSDT/market=spot/month=2026-08/part-00000.parquet,acc663203764f1e740c6403680692649c32c3da1a9448028abb0a9a4ad650bf3,BTCUSDT-1m-2026-08.csv,False,44640,0,93
late,ETHUSDT,futures,2025-09,data/minutes/2025_2026/raw/futures/klines/ETHUSDT/ETHUSDT-1m-2025-09.zip,https://data.binance.vision/data/futures/um/monthly/klines/ETHUSDT/1m/ETHUSDT-1m-2025-09.zip,dc1f5e05a0b873accd0ed2a854ee14086da03b08a581198b20b5658042c6dc5f,ms,data/minutes/2025_2026/raw/futures/klines/ETHUSDT/ETHUSDT-1m-2025-09.zip.CHECKSUM,86075f3f478b48625ece61158fb95a647f75365596889f4b569ada046936a7f9,data/minutes/2025_2026/processed/dataset=minute_bars/symbol=ETHUSDT/market=futures/month=2025-09/part-00000.parquet,30ba802643bd625d75caf6aa64b36803b67e0c526a243aacc380eb0c6925a43f,ETHUSDT-1m-2025-09.csv,True,43200,0,90
late,ETHUSDT,futures,2025-10,data/minutes/2025_2026/raw/futures/klines/ETHUSDT/ETHUSDT-1m-2025-10.zip,https://data.binance.vision/data/futures/um/monthly/klines/ETHUSDT/1m/ETHUSDT-1m-2025-10.zip,c0b8d557384ce1cd77df8f08cb6775f350a531a1792fa9deceb05f51a3939438,ms,data/minutes/2025_2026/raw/futures/klines/ETHUSDT/ETHUSDT-1m-2025-10.zip.CHECKSUM,a11c28c32aeb37bac9c0f94302379754fc078b9a3956598c928a6a4732b4a186,data/minutes/2025_2026/processed/dataset=minute_bars/symbol=ETHUSDT/market=futures/month=2025-10/part-00000.parquet,33ba3e6c61e7e8e0639ce56e9a7f75e3bf5d5ee45f5d720bf2d8821e04799911,ETHUSDT-1m-2025-10.csv,True,44640,0,93
late,ETHUSDT,futures,2025-11,data/minutes/2025_2026/raw/futures/klines/ETHUSDT/ETHUSDT-1m-2025-11.zip,https://data.binance.vision/data/futures/um/monthly/klines/ETHUSDT/1m/ETHUSDT-1m-2025-11.zip,2dd6ded997100a92d11394eddccc54f1070b0fcf029c5e126859b5af80f6329e,ms,data/minutes/2025_2026/raw/futures/klines/ETHUSDT/ETHUSDT-1m-2025-11.zip.CHECKSUM,d750b329863e0f8f19b3a6028272ac2a35e0f6654b3f4d8729e2f67306bbe1e8,data/minutes/2025_2026/processed/dataset=minute_bars/symbol=ETHUSDT/market=futures/month=2025-11/part-00000.parquet,8531b4d185a769d2bcf02d091d30a100c2729faa4067e80ac540e3bb2ed719ed,ETHUSDT-1m-2025-11.csv,True,43200,0,90
late,ETHUSDT,futures,2025-12,data/minutes/2025_2026/raw/futures/klines/ETHUSDT/ETHUSDT-1m-2025-12.zip,https://data.binance.vision/data/futures/um/monthly/klines/ETHUSDT/1m/ETHUSDT-1m-2025-12.zip,8fc3e01faeb240ed9f77e4ba8bbcdf42bb7b0c7004d35fe8010bd0fd9090e4a9,ms,data/minutes/2025_2026/raw/futures/klines/ETHUSDT/ETHUSDT-1m-2025-12.zip.CHECKSUM,b3898a59415613d42009693787d8513d44ce10cc8c5e6317543ae2a5ebaaec67,data/minutes/2025_2026/processed/dataset=minute_bars/symbol=ETHUSDT/market=futures/month=2025-12/part-00000.parquet,c68e955b51a2d16fe8e855aa5534ddeb2ac722dea308ab24faea70715eb5d8b8,ETHUSDT-1m-2025-12.csv,True,44640,0,93
late,ETHUSDT,futures,2026-01,data/minutes/2025_2026/raw/futures/klines/ETHUSDT/ETHUSDT-1m-2026-01.zip,https://data.binance.vision/data/futures/um/monthly/klines/ETHUSDT/1m/ETHUSDT-1m-2026-01.zip,0dc9c455c6d0735fe7e177d98a5088ab473c7fc1fa723710e783ff5dd49df4bb,ms,data/minutes/2025_2026/raw/futures/klines/ETHUSDT/ETHUSDT-1m-2026-01.zip.CHECKSUM,6837216dbfbb0d49699e29c2e5dbcaac23ca792269d3fe3b80f63daed5bddc6e,data/minutes/2025_2026/processed/dataset=minute_bars/symbol=ETHUSDT/market=futures/month=2026-01/part-00000.parquet,4ecfbbd95d3f3da2de94ace602c86a9bcfd4b36e9ecaaedd29423dffc44386d6,ETHUSDT-1m-2026-01.csv,True,44640,0,93
late,ETHUSDT,futures,2026-02,data/minutes/2025_2026/raw/futures/klines/ETHUSDT/ETHUSDT-1m-2026-02.zip,https://data.binance.vision/data/futures/um/monthly/klines/ETHUSDT/1m/ETHUSDT-1m-2026-02.zip,2109cab7fa27eee904a7d6d6dd982633579fc4091765dc8fa16c001f2da8a1c2,ms,data/minutes/2025_2026/raw/futures/klines/ETHUSDT/ETHUSDT-1m-2026-02.zip.CHECKSUM,646eca27a0ea5cf4a761433e025fd3c553305092ff5c3f49d5144342cc4564de,data/minutes/2025_2026/processed/dataset=minute_bars/symbol=ETHUSDT/market=futures/month=2026-02/part-00000.parquet,d7547876c031390523c164ba5775c65220e4144d65b41472d882bf4d75acdd87,ETHUSDT-1m-2026-02.csv,True,40320,0,84
late,ETHUSDT,futures,2026-03,data/minutes/2025_2026/raw/futures/klines/ETHUSDT/ETHUSDT-1m-2026-03.zip,https://data.binance.vision/data/futures/um/monthly/klines/ETHUSDT/1m/ETHUSDT-1m-2026-03.zip,d61eeba7aed3067525c6503bfbfd4f8d55585b846b67115eb85eeb1d2f857bf1,ms,data/minutes/2025_2026/raw/futures/klines/ETHUSDT/ETHUSDT-1m-2026-03.zip.CHECKSUM,2904953a887b73caadfb9f93ab04a59f2e34e62cdb82cc2baaaac908cbad11e3,data/minutes/2025_2026/processed/dataset=minute_bars/symbol=ETHUSDT/market=futures/month=2026-03/part-00000.parquet,6d127e0e272631de86d8bffb57f68b0dfbc10ee8f283af6476d373a68655632a,ETHUSDT-1m-2026-03.csv,True,44640,0,93
late,ETHUSDT,futures,2026-04,data/minutes/2025_2026/raw/futures/klines/ETHUSDT/ETHUSDT-1m-2026-04.zip,https://data.binance.vision/data/futures/um/monthly/klines/ETHUSDT/1m/ETHUSDT-1m-2026-04.zip,fd01f08f331a0dcb5d89c718afb199f7cda63f43228b72ddda0bdd08bfd527c7,ms,data/minutes/2025_2026/raw/futures/klines/ETHUSDT/ETHUSDT-1m-2026-04.zip.CHECKSUM,09d4e730da29c7960f08172bce70bee36c0579694704056af5738ac31ff13b1c,data/minutes/2025_2026/processed/dataset=minute_bars/symbol=ETHUSDT/market=futures/month=2026-04/part-00000.parquet,ff3bc82f743484657fc467666440e8279f405f641f9b0d401524f0a72d574ddc,ETHUSDT-1m-2026-04.csv,True,43200,0,90
late,ETHUSDT,futures,2026-05,data/minutes/2025_2026/raw/futures/klines/ETHUSDT/ETHUSDT-1m-2026-05.zip,https://data.binance.vision/data/futures/um/monthly/klines/ETHUSDT/1m/ETHUSDT-1m-2026-05.zip,9710b3d1e350bef5bf31b8d1531c5801d35f963d223d0a42e73ae86ddd376e92,ms,data/minutes/2025_2026/raw/futures/klines/ETHUSDT/ETHUSDT-1m-2026-05.zip.CHECKSUM,6689a76a92acb51fcb0c1d438b0857d1c307a60318aace433917d017509dcd25,data/minutes/2025_2026/processed/dataset=minute_bars/symbol=ETHUSDT/market=futures/month=2026-05/part-00000.parquet,a20e4610d3bb78f6a640c2f995c5391b955db550ed1f11d27f18394f6d480749,ETHUSDT-1m-2026-05.csv,True,44640,0,93
late,ETHUSDT,futures,2026-06,data/minutes/2025_2026/raw/futures/klines/ETHUSDT/ETHUSDT-1m-2026-06.zip,https://data.binance.vision/data/futures/um/monthly/klines/ETHUSDT/1m/ETHUSDT-1m-2026-06.zip,3b771e114b494805ac4cc677b34befb7e5f332bf5bd3a8a368cd21d65cd99cba,ms,data/minutes/2025_2026/raw/futures/klines/ETHUSDT/ETHUSDT-1m-2026-06.zip.CHECKSUM,8dc35a179f160719bf2c94d51914eee701663e61aecb960f59c29389b45b0382,data/minutes/2025_2026/processed/dataset=minute_bars/symbol=ETHUSDT/market=futures/month=2026-06/part-00000.parquet,3e248686eb9660f645c581d4e60c1a0b51ed472234fa913287639ac85591e577,ETHUSDT-1m-2026-06.csv,True,43200,0,90
late,ETHUSDT,futures,2026-07,data/minutes/2025_2026/raw/futures/klines/ETHUSDT/ETHUSDT-1m-2026-07.zip,https://data.binance.vision/data/futures/um/monthly/klines/ETHUSDT/1m/ETHUSDT-1m-2026-07.zip,5c98ad0cfa152fbe08df59838ead7c8bbfa433af943bbfb4d082626ebee2d83e,ms,data/minutes/2025_2026/raw/futures/klines/ETHUSDT/ETHUSDT-1m-2026-07.zip.CHECKSUM,6c90402d993c1e477b4e1a75c4f65c74728d349a6e9a024d9f52e67f332acaf9,data/minutes/2025_2026/processed/dataset=minute_bars/symbol=ETHUSDT/market=futures/month=2026-07/part-00000.parquet,b75b316fdb6847cd82a414acb6db8f19b22c004a9abc7d5ba5df18eb81858fc4,ETHUSDT-1m-2026-07.csv,True,44640,0,93
late,ETHUSDT,futures,2026-08,data/minutes/2025_2026/raw/futures/klines/ETHUSDT/ETHUSDT-1m-2026-08.zip,https://data.binance.vision/data/futures/um/monthly/klines/ETHUSDT/1m/ETHUSDT-1m-2026-08.zip,038b412935c3349e95b4abe3e9cec8a7fd521d16ce73fff3c2f92d605b252b9e,ms,data/minutes/2025_2026/raw/futures/klines/ETHUSDT/ETHUSDT-1m-2026-08.zip.CHECKSUM,bcf8e1c52fd17b2a5db29d1511b4be93ac05b28507356263973e56e2dc97316c,data/minutes/2025_2026/processed/dataset=minute_bars/symbol=ETHUSDT/market=futures/month=2026-08/part-00000.parquet,62077378a65db8dfa0c99de0a2c456b3f5fa6029dd5e679ebd7e3d4faf5e2004,ETHUSDT-1m-2026-08.csv,True,44640,0,93
late,ETHUSDT,spot,2025-09,data/minutes/2025_2026/raw/spot/klines/ETHUSDT/ETHUSDT-1m-2025-09.zip,https://data.binance.vision/data/spot/monthly/klines/ETHUSDT/1m/ETHUSDT-1m-2025-09.zip,2912831352b3e194ac38f7a66a373ea78f138dfd4fe5a3ac25acb80c5ccaa0ec,us,data/minutes/2025_2026/raw/spot/klines/ETHUSDT/ETHUSDT-1m-2025-09.zip.CHECKSUM,c502d390a7e090dff72fd26917fef5919c45a630c62f67e540c650a2cd2adb71,data/minutes/2025_2026/processed/dataset=minute_bars/symbol=ETHUSDT/market=spot/month=2025-09/part-00000.parquet,76d3e5748deb8470be12b8d1dd76a542a6c8e813c91ba0777ca3170054e6db01,ETHUSDT-1m-2025-09.csv,False,43200,0,90
late,ETHUSDT,spot,2025-10,data/minutes/2025_2026/raw/spot/klines/ETHUSDT/ETHUSDT-1m-2025-10.zip,https://data.binance.vision/data/spot/monthly/klines/ETHUSDT/1m/ETHUSDT-1m-2025-10.zip,a384d1bea37e4f59f7cae491a6f3f2dffe262259a4a0bc9324310a9aef16a843,us,data/minutes/2025_2026/raw/spot/klines/ETHUSDT/ETHUSDT-1m-2025-10.zip.CHECKSUM,b02fda53aa3fd4e508e576cf03e80ba6ea6bdad69a64d64736ad9295d3ce8db8,data/minutes/2025_2026/processed/dataset=minute_bars/symbol=ETHUSDT/market=spot/month=2025-10/part-00000.parquet,1a32d0e77b0fbb41802ccb5c955b2ff563b67faf68604d0d09ca9bdb738abff9,ETHUSDT-1m-2025-10.csv,False,44640,0,93
late,ETHUSDT,spot,2025-11,data/minutes/2025_2026/raw/spot/klines/ETHUSDT/ETHUSDT-1m-2025-11.zip,https://data.binance.vision/data/spot/monthly/klines/ETHUSDT/1m/ETHUSDT-1m-2025-11.zip,30b80de8cbbd68edf2b2bf76154f60e6edb0f8365e08e6d5afc63657e26e0f7c,us,data/minutes/2025_2026/raw/spot/klines/ETHUSDT/ETHUSDT-1m-2025-11.zip.CHECKSUM,9438ece74f0e2abaaa4c0e03d78d0427a8016bdaa01e85c2ec54ccdf0b9213ff,data/minutes/2025_2026/processed/dataset=minute_bars/symbol=ETHUSDT/market=spot/month=2025-11/part-00000.parquet,636e731caea526d34a160065be52a50221712bb9e8926160d0f3bdfb88a19a6b,ETHUSDT-1m-2025-11.csv,False,43200,0,90
late,ETHUSDT,spot,2025-12,data/minutes/2025_2026/raw/spot/klines/ETHUSDT/ETHUSDT-1m-2025-12.zip,https://data.binance.vision/data/spot/monthly/klines/ETHUSDT/1m/ETHUSDT-1m-2025-12.zip,57b653e4ff3558fae8d2e6da616c40e6cfad4002f131584f82ae7a80bd228293,us,data/minutes/2025_2026/raw/spot/klines/ETHUSDT/ETHUSDT-1m-2025-12.zip.CHECKSUM,2aaa879181b7b2eb5f1e3bcd324bf890966e5e28fb00e207802345ef33387d40,data/minutes/2025_2026/processed/dataset=minute_bars/symbol=ETHUSDT/market=spot/month=2025-12/part-00000.parquet,f47ea5b1f0d3340f5ecd7506e37fa39ddee033ed25149cb768244c6484824f60,ETHUSDT-1m-2025-12.csv,False,44640,0,93
late,ETHUSDT,spot,2026-01,data/minutes/2025_2026/raw/spot/klines/ETHUSDT/ETHUSDT-1m-2026-01.zip,https://data.binance.vision/data/spot/monthly/klines/ETHUSDT/1m/ETHUSDT-1m-2026-01.zip,cadd060ab73bd03fee94708b78738144da76d007fc2170d8ad2cec678de7a654,us,data/minutes/2025_2026/raw/spot/klines/ETHUSDT/ETHUSDT-1m-2026-01.zip.CHECKSUM,97549274ed2c36d4185e8131dc9530792177bf74f0af3484e8960a29b3b01f2a,data/minutes/2025_2026/processed/dataset=minute_bars/symbol=ETHUSDT/market=spot/month=2026-01/part-00000.parquet,0ef58951c4d5abaeffbf08f07cca1788aae5160d27b4f3557b406c977241473a,ETHUSDT-1m-2026-01.csv,False,44640,0,93
late,ETHUSDT,spot,2026-02,data/minutes/2025_2026/raw/spot/klines/ETHUSDT/ETHUSDT-1m-2026-02.zip,https://data.binance.vision/data/spot/monthly/klines/ETHUSDT/1m/ETHUSDT-1m-2026-02.zip,1ddb64d08739a40b7f66a37bccf5ca5fec58339c7f01e83311086116f41b445f,us,data/minutes/2025_2026/raw/spot/klines/ETHUSDT/ETHUSDT-1m-2026-02.zip.CHECKSUM,78a7fc485a2e17240c0462e7bf9af6320e341aed1c693c432aed3fc7a27d4af7,data/minutes/2025_2026/processed/dataset=minute_bars/symbol=ETHUSDT/market=spot/month=2026-02/part-00000.parquet,8743495b0ebb4d2f7dda7d8196a78e21350894193657cbaafd28829ce16a53ba,ETHUSDT-1m-2026-02.csv,False,40320,0,84
late,ETHUSDT,spot,2026-03,data/minutes/2025_2026/raw/spot/klines/ETHUSDT/ETHUSDT-1m-2026-03.zip,https://data.binance.vision/data/spot/monthly/klines/ETHUSDT/1m/ETHUSDT-1m-2026-03.zip,5747c9f1f76be7afbf9513d50ea65ff6e979fa9684c75a775b6974e64c751844,us,data/minutes/2025_2026/raw/spot/klines/ETHUSDT/ETHUSDT-1m-2026-03.zip.CHECKSUM,837990685ac78838431e6eb93cb2574b74f86412d23f24e168cfde7cf155fd5a,data/minutes/2025_2026/processed/dataset=minute_bars/symbol=ETHUSDT/market=spot/month=2026-03/part-00000.parquet,6ab12c0851c138f1d65f7e3d1c08d5dc9dbac2fde8b216aa118abd5c496ce55b,ETHUSDT-1m-2026-03.csv,False,44640,0,93
late,ETHUSDT,spot,2026-04,data/minutes/2025_2026/raw/spot/klines/ETHUSDT/ETHUSDT-1m-2026-04.zip,https://data.binance.vision/data/spot/monthly/klines/ETHUSDT/1m/ETHUSDT-1m-2026-04.zip,8a2f0a2907764827ca3c52416bd9357c5d6213f3816fadbd0515bf504ea75ffd,us,data/minutes/2025_2026/raw/spot/klines/ETHUSDT/ETHUSDT-1m-2026-04.zip.CHECKSUM,b4a1e837e0c09a81c227b7c6105d3807fc13435ce531783f82485b06dd37ddc4,data/minutes/2025_2026/processed/dataset=minute_bars/symbol=ETHUSDT/market=spot/month=2026-04/part-00000.parquet,d979c4d4a32548f048f880b4cf9de29cb681dba548f5cc035cd4245ac54d19e0,ETHUSDT-1m-2026-04.csv,False,43200,0,90
late,ETHUSDT,spot,2026-05,data/minutes/2025_2026/raw/spot/klines/ETHUSDT/ETHUSDT-1m-2026-05.zip,https://data.binance.vision/data/spot/monthly/klines/ETHUSDT/1m/ETHUSDT-1m-2026-05.zip,bc0e625d18c0fa5378cecd0119aa20721b8830c24c3a55094f4c4c966ff8f710,us,data/minutes/2025_2026/raw/spot/klines/ETHUSDT/ETHUSDT-1m-2026-05.zip.CHECKSUM,a18e879a464de3460ef5ebf2887cec050193d36f659183e0bcf7581d195d5b7b,data/minutes/2025_2026/processed/dataset=minute_bars/symbol=ETHUSDT/market=spot/month=2026-05/part-00000.parquet,12f4c76796b0ee303f0c77c9940d0d10565cadaa94a31ee483e1f8643cbdc2aa,ETHUSDT-1m-2026-05.csv,False,44640,0,93
late,ETHUSDT,spot,2026-06,data/minutes/2025_2026/raw/spot/klines/ETHUSDT/ETHUSDT-1m-2026-06.zip,https://data.binance.vision/data/spot/monthly/klines/ETHUSDT/1m/ETHUSDT-1m-2026-06.zip,770fdf44aac01dbe136e5b37a10501e57069af4048e76fbb3a3a2de2e9662934,us,data/minutes/2025_2026/raw/spot/klines/ETHUSDT/ETHUSDT-1m-2026-06.zip.CHECKSUM,1bbfbfe9c06c57e6b74f4bfe329984ea1b2ce6601b068d4f018b831885c4ed92,data/minutes/2025_2026/processed/dataset=minute_bars/symbol=ETHUSDT/market=spot/month=2026-06/part-00000.parquet,45532530b3a6717e0e80790230a8283b60c9d9bfdb9c97c153d1b981a7db4cf1,ETHUSDT-1m-2026-06.csv,False,43200,0,90
late,ETHUSDT,spot,2026-07,data/minutes/2025_2026/raw/spot/klines/ETHUSDT/ETHUSDT-1m-2026-07.zip,https://data.binance.vision/data/spot/monthly/klines/ETHUSDT/1m/ETHUSDT-1m-2026-07.zip,1ad273218d6c33fd62515198276f00c0656ae002c0d1d9ab10cca0f5d0f7adc2,us,data/minutes/2025_2026/raw/spot/klines/ETHUSDT/ETHUSDT-1m-2026-07.zip.CHECKSUM,8ac6ab8a1ea1382dcf6fb4e2a4cd8e5235291a018e91f7a64ac09fc01d5537e7,data/minutes/2025_2026/processed/dataset=minute_bars/symbol=ETHUSDT/market=spot/month=2026-07/part-00000.parquet,ccf482f6d0b5b7323dbb015ccfcf9a845922f24b900e6f4d876f6b5f672ba007,ETHUSDT-1m-2026-07.csv,False,44640,0,93
late,ETHUSDT,spot,2026-08,data/minutes/2025_2026/raw/spot/klines/ETHUSDT/ETHUSDT-1m-2026-08.zip,https://data.binance.vision/data/spot/monthly/klines/ETHUSDT/1m/ETHUSDT-1m-2026-08.zip,f2f2fe8da85467fb8ec8185e07f16f3af9f4ebcb266633ba494e76ac73c40c0c,us,data/minutes/2025_2026/raw/spot/klines/ETHUSDT/ETHUSDT-1m-2026-08.zip.CHECKSUM,96b91c6370bd2cd75e4f4f9587880cf813a73ac9fa70555622f819d443c2768d,data/minutes/2025_2026/processed/dataset=minute_bars/symbol=ETHUSDT/market=spot/month=2026-08/part-00000.parquet,6d4650318b619d0a76350e3648674bebe3880f6695858fe93a8ae57f2fe90d2f,ETHUSDT-1m-2026-08.csv,False,44640,0,93
