window,symbol,sample_reason,decision_utc,conditional_funding_anchor_utc,spot_interval_utc,spot_available_utc,futures_interval_utc,futures_available_utc,spot_original_source_path,spot_original_source_line,spot_original_timestamp_unit,futures_original_source_path,futures_original_source_line,futures_original_timestamp_unit,spot_original_close,futures_original_close,basis_independent,conditional_basis_persisted,permanent_basis_persisted,classification_audited,conditional_basis_difference,permanent_basis_difference,audit_status,conditional_signal_id,permanent_signal_id
early,BTCUSDT,temporal_grid_0/13,2022-09-01T00:01:00.012000000Z,2022-09-01T00:00:00.012000000Z,"[2022-09-01T00:00:00.000000000Z,2022-09-01T00:01:00.000000000Z)",2022-09-01T00:01:00.000000000Z,"[2022-09-01T00:00:00.000000000Z,2022-09-01T00:01:00.000000000Z)",2022-09-01T00:01:00.000000000Z,data/minutes/2022_2023/raw/spot/klines/BTCUSDT/BTCUSDT-1m-2022-09.zip,1,ms,data/minutes/2022_2023/raw/futures/klines/BTCUSDT/BTCUSDT-1m-2022-09.zip,2,ms,20025.37000000,20017.70,-0.000383014146555094862167340728286168994630311449925769161818,-0.0003830141465550948621673407,-0.0003830141465550948621673407,negative,2.8286168994630311449925769161818E-29,2.8286168994630311449925769161818E-29,verified,run_f4151cc97937f3704d77fb14:signals.parquet:row=1,run_f4151cc97937f3704d77fb14:signals.parquet:row=2191
early,BTCUSDT,temporal_grid_1/13,2022-09-29T00:01:00.010000000Z,2022-09-29T00:00:00.010000000Z,"[2022-09-29T00:00:00.000000000Z,2022-09-29T00:01:00.000000000Z)",2022-09-29T00:01:00.000000000Z,"[2022-09-29T00:00:00.000000000Z,2022-09-29T00:01:00.000000000Z)",2022-09-29T00:01:00.000000000Z,data/minutes/2022_2023/raw/spot/klines/BTCUSDT/BTCUSDT-1m-2022-09.zip,40321,ms,data/minutes/2022_2023/raw/futures/klines/BTCUSDT/BTCUSDT-1m-2022-09.zip,40322,ms,19407.57000000,19402.70,-0.000250933012221519747191430972553493301840467405244448429144,-0.0002509330122215197471914310,-0.0002509330122215197471914310,negative,-2.7446506698159532594755551570856E-29,-2.7446506698159532594755551570856E-29,verified,run_f4151cc97937f3704d77fb14:signals.parquet:row=169,run_f4151cc97937f3704d77fb14:signals.parquet:row=2359
early,BTCUSDT,temporal_grid_2/13,2022-10-27T00:01:00.009000000Z,2022-10-27T00:00:00.009000000Z,"[2022-10-27T00:00:00.000000000Z,2022-10-27T00:01:00.000000000Z)",2022-10-27T00:01:00.000000000Z,"[2022-10-27T00:00:00.000000000Z,2022-10-27T00:01:00.000000000Z)",2022-10-27T00:01:00.000000000Z,data/minutes/2022_2023/raw/spot/klines/BTCUSDT/BTCUSDT-1m-2022-10.zip,37441,ms,data/minutes/2022_2023/raw/futures/klines/BTCUSDT/BTCUSDT-1m-2022-10.zip,37442,ms,20753.12000000,20742.00,-0.000535823047329750900105622672639101975992043605973463267210,-0.0005358230473297509001056227,-0.0005358230473297509001056227,negative,-2.7360898024007956394026536732790E-29,-2.7360898024007956394026536732790E-29,verified,run_f4151cc97937f3704d77fb14:signals.parquet:row=337,run_f4151cc97937f3704d77fb14:signals.parquet:row=2527
early,BTCUSDT,minimum,2022-11-10T00:01:00.006000000Z,2022-11-10T00:00:00.006000000Z,"[2022-11-10T00:00:00.000000000Z,2022-11-10T00:01:00.000000000Z)",2022-11-10T00:01:00.000000000Z,"[2022-11-10T00:00:00.000000000Z,2022-11-10T00:01:00.000000000Z)",2022-11-10T00:01:00.000000000Z,data/minutes/2022_2023/raw/spot/klines/BTCUSDT/BTCUSDT-1m-2022-11.zip,12961,ms,data/minutes/2022_2023/raw/futures/klines/BTCUSDT/BTCUSDT-1m-2022-11.zip,12962,ms,15882.61000000,15856.10,-0.001669121133113512199821062155401410725315297674626525489199,-0.0016691211331135121998210622,-0.0016691211331135121998210622,negative,-4.4598589274684702325373474510801E-29,-4.4598589274684702325373474510801E-29,verified,run_f4151cc97937f3704d77fb14:signals.parquet:row=421,run_f4151cc97937f3704d77fb14:signals.parquet:row=2611
early,BTCUSDT,temporal_grid_3/13,2022-11-24T00:01:00.007000000Z,2022-11-24T00:00:00.007000000Z,"[2022-11-24T00:00:00.000000000Z,2022-11-24T00:01:00.000000000Z)",2022-11-24T00:01:00.000000000Z,"[2022-11-24T00:00:00.000000000Z,2022-11-24T00:01:00.000000000Z)",2022-11-24T00:01:00.000000000Z,data/minutes/2022_2023/raw/spot/klines/BTCUSDT/BTCUSDT-1m-2022-11.zip,33121,ms,data/minutes/2022_2023/raw/futures/klines/BTCUSDT/BTCUSDT-1m-2022-11.zip,33122,ms,16615.39000000,16608.60,-0.000408657274972179407164081011640412894310636103034596238788,-0.0004086572749721794071640810,-0.0004086572749721794071640810,negative,1.1640412894310636103034596238788E-29,1.1640412894310636103034596238788E-29,verified,run_f4151cc97937f3704d77fb14:signals.parquet:row=505,run_f4151cc97937f3704d77fb14:signals.parquet:row=2695
early,BTCUSDT,temporal_grid_4/13,2022-12-22T00:01:00.004000000Z,2022-12-22T00:00:00.004000000Z,"[2022-12-22T00:00:00.000000000Z,2022-12-22T00:01:00.000000000Z)",2022-12-22T00:01:00.000000000Z,"[2022-12-22T00:00:00.000000000Z,2022-12-22T00:01:00.000000000Z)",2022-12-22T00:01:00.000000000Z,data/minutes/2022_2023/raw/spot/klines/BTCUSDT/BTCUSDT-1m-2022-12.zip,30241,ms,data/minutes/2022_2023/raw/futures/klines/BTCUSDT/BTCUSDT-1m-2022-12.zip,30242,ms,16820.23000000,16812.00,-0.000489291763549012112200606055921946370531199632823094571240,-0.0004892917635490121122006061,-0.0004892917635490121122006061,negative,-4.4078053629468800367176905428760E-29,-4.4078053629468800367176905428760E-29,verified,run_f4151cc97937f3704d77fb14:signals.parquet:row=673,run_f4151cc97937f3704d77fb14:signals.parquet:row=2863
early,BTCUSDT,temporal_grid_5/13,2023-01-19T00:01:00.000000000Z,2023-01-19T00:00:00.000000000Z,"[2023-01-19T00:00:00.000000000Z,2023-01-19T00:01:00.000000000Z)",2023-01-19T00:01:00.000000000Z,"[2023-01-19T00:00:00.000000000Z,2023-01-19T00:01:00.000000000Z)",2023-01-19T00:01:00.000000000Z,data/minutes/2022_2023/raw/spot/klines/BTCUSDT/BTCUSDT-1m-2023-01.zip,25921,ms,data/minutes/2022_2023/raw/futures/klines/BTCUSDT/BTCUSDT-1m-2023-01.zip,25922,ms,20716.97000000,20721.90,0.00023796916247887601323938780622842046882338488688258949064,0.000237969162478876013239388,0.000237969162478876013239388,positive_eligible,1.9377157953117661511311741050936E-28,1.9377157953117661511311741050936E-28,verified,run_f4151cc97937f3704d77fb14:signals.parquet:row=841,run_f4151cc97937f3704d77fb14:signals.parquet:row=3031
early,BTCUSDT,nearest_zero,2023-01-21T16:01:00.016000000Z,2023-01-21T16:00:00.016000000Z,"[2023-01-21T16:00:00.000000000Z,2023-01-21T16:01:00.000000000Z)",2023-01-21T16:01:00.000000000Z,"[2023-01-21T16:00:00.000000000Z,2023-01-21T16:01:00.000000000Z)",2023-01-21T16:01:00.000000000Z,data/minutes/2022_2023/raw/spot/klines/BTCUSDT/BTCUSDT-1m-2023-01.zip,29761,ms,data/minutes/2022_2023/raw/futures/klines/BTCUSDT/BTCUSDT-1m-2023-01.zip,29762,ms,23035.44000000,23035.60,0.00000694581913781547042296565639727307140649364631194368330,0.000006945819137815470422966,0.000006945819137815470422966,positive_eligible,3.4360272692859350635368805631670E-28,3.4360272692859350635368805631670E-28,verified,run_f4151cc97937f3704d77fb14:signals.parquet:row=857,run_f4151cc97937f3704d77fb14:signals.parquet:row=3047
early,BTCUSDT,nearest_zero,2023-01-29T16:01:00.008000000Z,2023-01-29T16:00:00.008000000Z,"[2023-01-29T16:00:00.000000000Z,2023-01-29T16:01:00.000000000Z)",2023-01-29T16:01:00.000000000Z,"[2023-01-29T16:00:00.000000000Z,2023-01-29T16:01:00.000000000Z)",2023-01-29T16:01:00.000000000Z,data/minutes/2022_2023/raw/spot/klines/BTCUSDT/BTCUSDT-1m-2023-01.zip,41281,ms,data/minutes/2022_2023/raw/futures/klines/BTCUSDT/BTCUSDT-1m-2023-01.zip,41282,ms,23530.93000000,23531.10,0.00000722453383695417053214641325268487050873042416938047073,0.000007224533836954170532146,0.000007224533836954170532146,positive_eligible,-4.1325268487050873042416938047073E-28,-4.1325268487050873042416938047073E-28,verified,run_f4151cc97937f3704d77fb14:signals.parquet:row=905,run_f4151cc97937f3704d77fb14:signals.parquet:row=3095
early,BTCUSDT,nearest_zero,2023-02-02T00:01:00.004000000Z,2023-02-02T00:00:00.004000000Z,"[2023-02-02T00:00:00.000000000Z,2023-02-02T00:01:00.000000000Z)",2023-02-02T00:01:00.000000000Z,"[2023-02-02T00:00:00.000000000Z,2023-02-02T00:01:00.000000000Z)",2023-02-02T00:01:00.000000000Z,data/minutes/2022_2023/raw/spot/klines/BTCUSDT/BTCUSDT-1m-2023-02.zip,1441,ms,data/minutes/2022_2023/raw/futures/klines/BTCUSDT/BTCUSDT-1m-2023-02.zip,1442,ms,23737.43000000,23737.30,-0.000005476582764014469974213720693436484067567550488827139248,-0.0000054765827640144699742137,-0.0000054765827640144699742137,negative,2.0693436484067567550488827139248E-29,2.0693436484067567550488827139248E-29,verified,run_f4151cc97937f3704d77fb14:signals.parquet:row=925,run_f4151cc97937f3704d77fb14:signals.parquet:row=3115
early,BTCUSDT,temporal_grid_6/13,2023-02-16T00:01:00.019000000Z,2023-02-16T00:00:00.019000000Z,"[2023-02-16T00:00:00.000000000Z,2023-02-16T00:01:00.000000000Z)",2023-02-16T00:01:00.000000000Z,"[2023-02-16T00:00:00.000000000Z,2023-02-16T00:01:00.000000000Z)",2023-02-16T00:01:00.000000000Z,data/minutes/2022_2023/raw/spot/klines/BTCUSDT/BTCUSDT-1m-2023-02.zip,21601,ms,data/minutes/2022_2023/raw/futures/klines/BTCUSDT/BTCUSDT-1m-2023-02.zip,21602,ms,24336.19000000,24346.10,0.00040721246834446969718760414017148945664871945855123583437,0.000407212468344469697187604,0.000407212468344469697187604,positive_eligible,-1.4017148945664871945855123583437E-28,-1.4017148945664871945855123583437E-28,verified,run_f4151cc97937f3704d77fb14:signals.parquet:row=1009,run_f4151cc97937f3704d77fb14:signals.parquet:row=3199
early,BTCUSDT,maximum,2023-03-13T16:01:00.003000000Z,2023-03-13T16:00:00.003000000Z,"[2023-03-13T16:00:00.000000000Z,2023-03-13T16:01:00.000000000Z)",2023-03-13T16:01:00.000000000Z,"[2023-03-13T16:00:00.000000000Z,2023-03-13T16:01:00.000000000Z)",2023-03-13T16:01:00.000000000Z,data/minutes/2022_2023/raw/spot/klines/BTCUSDT/BTCUSDT-1m-2023-03.zip,18241,ms,data/minutes/2022_2023/raw/futures/klines/BTCUSDT/BTCUSDT-1m-2023-03.zip,18242,ms,24030.97000000,24062.70,0.00132037949362843031305020146918746933644376402617122821093,0.001320379493628430313050201,0.001320379493628430313050201,positive_eligible,-4.6918746933644376402617122821093E-28,-4.6918746933644376402617122821093E-28,verified,run_f4151cc97937f3704d77fb14:signals.parquet:row=1163,run_f4151cc97937f3704d77fb14:signals.parquet:row=3353
early,BTCUSDT,temporal_grid_7/13,2023-03-16T08:01:00.018000000Z,2023-03-16T08:00:00.018000000Z,"[2023-03-16T08:00:00.000000000Z,2023-03-16T08:01:00.000000000Z)",2023-03-16T08:01:00.000000000Z,"[2023-03-16T08:00:00.000000000Z,2023-03-16T08:01:00.000000000Z)",2023-03-16T08:01:00.000000000Z,data/minutes/2022_2023/raw/spot/klines/BTCUSDT/BTCUSDT-1m-2023-03.zip,22081,ms,data/minutes/2022_2023/raw/futures/klines/BTCUSDT/BTCUSDT-1m-2023-03.zip,22082,ms,24632.77000000,24633.50,0.00002963531912976088357095040468449143153612037947823164021,0.000029635319129760883570950,0.000029635319129760883570950,positive_eligible,-4.0468449143153612037947823164021E-28,-4.0468449143153612037947823164021E-28,verified,run_f4151cc97937f3704d77fb14:signals.parquet:row=1179,run_f4151cc97937f3704d77fb14:signals.parquet:row=3369
early,BTCUSDT,temporal_grid_8/13,2023-04-13T08:01:00.010000000Z,2023-04-13T08:00:00.010000000Z,"[2023-04-13T08:00:00.000000000Z,2023-04-13T08:01:00.000000000Z)",2023-04-13T08:01:00.000000000Z,"[2023-04-13T08:00:00.000000000Z,2023-04-13T08:01:00.000000000Z)",2023-04-13T08:01:00.000000000Z,data/minutes/2022_2023/raw/spot/klines/BTCUSDT/BTCUSDT-1m-2023-04.zip,17761,ms,data/minutes/2022_2023/raw/futures/klines/BTCUSDT/BTCUSDT-1m-2023-04.zip,17762,ms,30077.09000000,30064.90,-0.000405291868329017202129594319131272340509005359228568987226,-0.0004052918683290172021295943,-0.0004052918683290172021295943,negative,1.9131272340509005359228568987226E-29,1.9131272340509005359228568987226E-29,verified,run_f4151cc97937f3704d77fb14:signals.parquet:row=1347,run_f4151cc97937f3704d77fb14:signals.parquet:row=3537
early,BTCUSDT,temporal_grid_9/13,2023-05-11T08:01:00.000000000Z,2023-05-11T08:00:00.000000000Z,"[2023-05-11T08:00:00.000000000Z,2023-05-11T08:01:00.000000000Z)",2023-05-11T08:01:00.000000000Z,"[2023-05-11T08:00:00.000000000Z,2023-05-11T08:01:00.000000000Z)",2023-05-11T08:01:00.000000000Z,data/minutes/2022_2023/raw/spot/klines/BTCUSDT/BTCUSDT-1m-2023-05.zip,14881,ms,data/minutes/2022_2023/raw/futures/klines/BTCUSDT/BTCUSDT-1m-2023-05.zip,14882,ms,27421.01000000,27410.00,-0.000401516939018657591387042271601228401142044002026183572378,-0.0004015169390186575913870423,-0.0004015169390186575913870423,negative,-2.8398771598857955997973816427622E-29,-2.8398771598857955997973816427622E-29,verified,run_f4151cc97937f3704d77fb14:signals.parquet:row=1515,run_f4151cc97937f3704d77fb14:signals.parquet:row=3705
early,BTCUSDT,temporal_grid_10/13,2023-06-08T08:01:00.000000000Z,2023-06-08T08:00:00.000000000Z,"[2023-06-08T08:00:00.000000000Z,2023-06-08T08:01:00.000000000Z)",2023-06-08T08:01:00.000000000Z,"[2023-06-08T08:00:00.000000000Z,2023-06-08T08:01:00.000000000Z)",2023-06-08T08:01:00.000000000Z,data/minutes/2022_2023/raw/spot/klines/BTCUSDT/BTCUSDT-1m-2023-06.zip,10561,ms,data/minutes/2022_2023/raw/futures/klines/BTCUSDT/BTCUSDT-1m-2023-06.zip,10562,ms,26444.69000000,26432.60,-0.000457180628700884752288644714685632540975144726597286638641,-0.0004571806287008847522886447,-0.0004571806287008847522886447,negative,1.4685632540975144726597286638641E-29,1.4685632540975144726597286638641E-29,verified,run_f4151cc97937f3704d77fb14:signals.parquet:row=1683,run_f4151cc97937f3704d77fb14:signals.parquet:row=3873
early,BTCUSDT,temporal_grid_11/13,2023-07-06T08:01:00.000000000Z,2023-07-06T08:00:00.000000000Z,"[2023-07-06T08:00:00.000000000Z,2023-07-06T08:01:00.000000000Z)",2023-07-06T08:01:00.000000000Z,"[2023-07-06T08:00:00.000000000Z,2023-07-06T08:01:00.000000000Z)",2023-07-06T08:01:00.000000000Z,data/minutes/2022_2023/raw/spot/klines/BTCUSDT/BTCUSDT-1m-2023-07.zip,7681,ms,data/minutes/2022_2023/raw/futures/klines/BTCUSDT/BTCUSDT-1m-2023-07.zip,7682,ms,30819.91000000,30812.80,-0.000230695027986778676511385010533775082406145897246293061855,-0.0002306950279867786765113850,-0.0002306950279867786765113850,negative,1.0533775082406145897246293061855E-29,1.0533775082406145897246293061855E-29,verified,run_f4151cc97937f3704d77fb14:signals.parquet:row=1851,run_f4151cc97937f3704d77fb14:signals.parquet:row=4041
early,BTCUSDT,nearest_zero,2023-07-13T16:01:00.000000000Z,2023-07-13T16:00:00.000000000Z,"[2023-07-13T16:00:00.000000000Z,2023-07-13T16:01:00.000000000Z)",2023-07-13T16:01:00.000000000Z,"[2023-07-13T16:00:00.000000000Z,2023-07-13T16:01:00.000000000Z)",2023-07-13T16:01:00.000000000Z,data/minutes/2022_2023/raw/spot/klines/BTCUSDT/BTCUSDT-1m-2023-07.zip,18241,ms,data/minutes/2022_2023/raw/futures/klines/BTCUSDT/BTCUSDT-1m-2023-07.zip,18242,ms,30885.00000000,30884.80,-0.000006475635421725756839889914197830662133721871458636878744,-0.0000064756354217257568398899,-0.0000064756354217257568398899,negative,1.4197830662133721871458636878744E-29,1.4197830662133721871458636878744E-29,verified,run_f4151cc97937f3704d77fb14:signals.parquet:row=1895,run_f4151cc97937f3704d77fb14:signals.parquet:row=4085
early,BTCUSDT,temporal_grid_12/13,2023-08-03T08:01:00.000000000Z,2023-08-03T08:00:00.000000000Z,"[2023-08-03T08:00:00.000000000Z,2023-08-03T08:01:00.000000000Z)",2023-08-03T08:01:00.000000000Z,"[2023-08-03T08:00:00.000000000Z,2023-08-03T08:01:00.000000000Z)",2023-08-03T08:01:00.000000000Z,data/minutes/2022_2023/raw/spot/klines/BTCUSDT/BTCUSDT-1m-2023-08.zip,3361,ms,data/minutes/2022_2023/raw/futures/klines/BTCUSDT/BTCUSDT-1m-2023-08.zip,3362,ms,29043.11000000,29032.90,-0.000351546373649378458436441551886144424615683375506273260680,-0.0003515463736493784584364416,-0.0003515463736493784584364416,negative,-4.8113855575384316624493726739320E-29,-4.8113855575384316624493726739320E-29,verified,run_f4151cc97937f3704d77fb14:signals.parquet:row=2019,run_f4151cc97937f3704d77fb14:signals.parquet:row=4209
early,BTCUSDT,temporal_grid_13/13,2023-08-31T16:01:00.000000000Z,2023-08-31T16:00:00.000000000Z,"[2023-08-31T16:00:00.000000000Z,2023-08-31T16:01:00.000000000Z)",2023-08-31T16:01:00.000000000Z,"[2023-08-31T16:00:00.000000000Z,2023-08-31T16:01:00.000000000Z)",2023-08-31T16:01:00.000000000Z,data/minutes/2022_2023/raw/spot/klines/BTCUSDT/BTCUSDT-1m-2023-08.zip,44161,ms,data/minutes/2022_2023/raw/futures/klines/BTCUSDT/BTCUSDT-1m-2023-08.zip,44162,ms,26917.69000000,26906.60,-0.000411996720372364790589385641932870168279670358043353645874,-0.0004119967203723647905893856,-0.0004119967203723647905893856,negative,4.1932870168279670358043353645874E-29,4.1932870168279670358043353645874E-29,verified,run_f4151cc97937f3704d77fb14:signals.parquet:row=2189,run_f4151cc97937f3704d77fb14:signals.parquet:row=4379
early,ETHUSDT,temporal_grid_0/13,2022-09-01T00:01:00.012000000Z,2022-09-01T00:00:00.012000000Z,"[2022-09-01T00:00:00.000000000Z,2022-09-01T00:01:00.000000000Z)",2022-09-01T00:01:00.000000000Z,"[2022-09-01T00:00:00.000000000Z,2022-09-01T00:01:00.000000000Z)",2022-09-01T00:01:00.000000000Z,data/minutes/2022_2023/raw/spot/klines/ETHUSDT/ETHUSDT-1m-2022-09.zip,1,ms,data/minutes/2022_2023/raw/futures/klines/ETHUSDT/ETHUSDT-1m-2022-09.zip,2,ms,1553.04000000,1551.95,-0.000701849276258177509916035646216452892391696285993921598929,-0.0007018492762581775099160356,-0.0007018492762581775099160356,negative,4.6216452892391696285993921598929E-29,4.6216452892391696285993921598929E-29,verified,run_f4151cc97937f3704d77fb14:signals.parquet:row=2,run_f4151cc97937f3704d77fb14:signals.parquet:row=2192
early,ETHUSDT,minimum,2022-09-15T00:01:00.019000000Z,2022-09-15T00:00:00.019000000Z,"[2022-09-15T00:00:00.000000000Z,2022-09-15T00:01:00.000000000Z)",2022-09-15T00:01:00.000000000Z,"[2022-09-15T00:00:00.000000000Z,2022-09-15T00:01:00.000000000Z)",2022-09-15T00:01:00.000000000Z,data/minutes/2022_2023/raw/spot/klines/ETHUSDT/ETHUSDT-1m-2022-09.zip,20161,ms,data/minutes/2022_2023/raw/futures/klines/ETHUSDT/ETHUSDT-1m-2022-09.zip,20162,ms,1632.17000000,1627.10,-0.003106294074759369428429636618734568090333727491621583536029,-0.0031062940747593694284296366,-0.0031062940747593694284296366,negative,1.8734568090333727491621583536029E-29,1.8734568090333727491621583536029E-29,verified,run_f4151cc97937f3704d77fb14:signals.parquet:row=86,run_f4151cc97937f3704d77fb14:signals.parquet:row=2276
early,ETHUSDT,maximum,2022-09-15T08:01:00.012000000Z,2022-09-15T08:00:00.012000000Z,"[2022-09-15T08:00:00.000000000Z,2022-09-15T08:01:00.000000000Z)",2022-09-15T08:01:00.000000000Z,"[2022-09-15T08:00:00.000000000Z,2022-09-15T08:01:00.000000000Z)",2022-09-15T08:01:00.000000000Z,data/minutes/2022_2023/raw/spot/klines/ETHUSDT/ETHUSDT-1m-2022-09.zip,20641,ms,data/minutes/2022_2023/raw/futures/klines/ETHUSDT/ETHUSDT-1m-2022-09.zip,20642,ms,1626.51000000,1629.29,0.00170918100718716761655323361061413701729469846481116009124,0.001709181007187167616553234,0.001709181007187167616553234,positive_eligible,3.8938586298270530153518883990876E-28,3.8938586298270530153518883990876E-28,verified,run_f4151cc97937f3704d77fb14:signals.parquet:row=88,run_f4151cc97937f3704d77fb14:signals.parquet:row=2278
early,ETHUSDT,temporal_grid_1/13,2022-09-29T00:01:00.010000000Z,2022-09-29T00:00:00.010000000Z,"[2022-09-29T00:00:00.000000000Z,2022-09-29T00:01:00.000000000Z)",2022-09-29T00:01:00.000000000Z,"[2022-09-29T00:00:00.000000000Z,2022-09-29T00:01:00.000000000Z)",2022-09-29T00:01:00.000000000Z,data/minutes/2022_2023/raw/spot/klines/ETHUSDT/ETHUSDT-1m-2022-09.zip,40321,ms,data/minutes/2022_2023/raw/futures/klines/ETHUSDT/ETHUSDT-1m-2022-09.zip,40322,ms,1337.75000000,1337.29,-0.000343860960568118108764716875350401794057185572790132685479,-0.0003438609605681181087647169,-0.0003438609605681181087647169,negative,-2.4649598205942814427209867314521E-29,-2.4649598205942814427209867314521E-29,verified,run_f4151cc97937f3704d77fb14:signals.parquet:row=170,run_f4151cc97937f3704d77fb14:signals.parquet:row=2360
early,ETHUSDT,temporal_grid_2/13,2022-10-27T00:01:00.009000000Z,2022-10-27T00:00:00.009000000Z,"[2022-10-27T00:00:00.000000000Z,2022-10-27T00:01:00.000000000Z)",2022-10-27T00:01:00.000000000Z,"[2022-10-27T00:00:00.000000000Z,2022-10-27T00:01:00.000000000Z)",2022-10-27T00:01:00.000000000Z,data/minutes/2022_2023/raw/spot/klines/ETHUSDT/ETHUSDT-1m-2022-10.zip,37441,ms,data/minutes/2022_2023/raw/futures/klines/ETHUSDT/ETHUSDT-1m-2022-10.zip,37442,ms,1564.70000000,1564.19,-0.000325941074966447242282865725059116763596855627276794273663,-0.0003259410749664472422828657,-0.0003259410749664472422828657,negative,2.5059116763596855627276794273663E-29,2.5059116763596855627276794273663E-29,verified,run_f4151cc97937f3704d77fb14:signals.parquet:row=338,run_f4151cc97937f3704d77fb14:signals.parquet:row=2528
early,ETHUSDT,temporal_grid_3/13,2022-11-24T00:01:00.007000000Z,2022-11-24T00:00:00.007000000Z,"[2022-11-24T00:00:00.000000000Z,2022-11-24T00:01:00.000000000Z)",2022-11-24T00:01:00.000000000Z,"[2022-11-24T00:00:00.000000000Z,2022-11-24T00:01:00.000000000Z)",2022-11-24T00:01:00.000000000Z,data/minutes/2022_2023/raw/spot/klines/ETHUSDT/ETHUSDT-1m-2022-11.zip,33121,ms,data/minutes/2022_2023/raw/futures/klines/ETHUSDT/ETHUSDT-1m-2022-11.zip,33122,ms,1185.73000000,1185.04,-0.000581919998650620292984068885834043163283378172096514383544,-0.0005819199986506202929840689,-0.0005819199986506202929840689,negative,-1.4165956836716621827903485616456E-29,-1.4165956836716621827903485616456E-29,verified,run_f4151cc97937f3704d77fb14:signals.parquet:row=506,run_f4151cc97937f3704d77fb14:signals.parquet:row=2696
early,ETHUSDT,temporal_grid_4/13,2022-12-22T00:01:00.004000000Z,2022-12-22T00:00:00.004000000Z,"[2022-12-22T00:00:00.000000000Z,2022-12-22T00:01:00.000000000Z)",2022-12-22T00:01:00.000000000Z,"[2022-12-22T00:00:00.000000000Z,2022-12-22T00:01:00.000000000Z)",2022-12-22T00:01:00.000000000Z,data/minutes/2022_2023/raw/spot/klines/ETHUSDT/ETHUSDT-1m-2022-12.zip,30241,ms,data/minutes/2022_2023/raw/futures/klines/ETHUSDT/ETHUSDT-1m-2022-12.zip,30242,ms,1213.53000000,1213.00,-0.000436742396150074575824248267451154895223027036826448460277,-0.0004367423961500745758242483,-0.0004367423961500745758242483,negative,-3.2548845104776972963173551539723E-29,-3.2548845104776972963173551539723E-29,verified,run_f4151cc97937f3704d77fb14:signals.parquet:row=674,run_f4151cc97937f3704d77fb14:signals.parquet:row=2864
early,ETHUSDT,temporal_grid_5/13,2023-01-19T00:01:00.000000000Z,2023-01-19T00:00:00.000000000Z,"[2023-01-19T00:00:00.000000000Z,2023-01-19T00:01:00.000000000Z)",2023-01-19T00:01:00.000000000Z,"[2023-01-19T00:00:00.000000000Z,2023-01-19T00:01:00.000000000Z)",2023-01-19T00:01:00.000000000Z,data/minutes/2022_2023/raw/spot/klines/ETHUSDT/ETHUSDT-1m-2023-01.zip,25921,ms,data/minutes/2022_2023/raw/futures/klines/ETHUSDT/ETHUSDT-1m-2023-01.zip,25922,ms,1514.11000000,1514.58,0.00031041337815614453375250146951014127110976084960802055333,0.000310413378156144533752501,0.000310413378156144533752501,positive_eligible,-4.6951014127110976084960802055333E-28,-4.6951014127110976084960802055333E-28,verified,run_f4151cc97937f3704d77fb14:signals.parquet:row=842,run_f4151cc97937f3704d77fb14:signals.parquet:row=3032
early,ETHUSDT,nearest_zero,2023-02-09T08:01:00.006000000Z,2023-02-09T08:00:00.006000000Z,"[2023-02-09T08:00:00.000000000Z,2023-02-09T08:01:00.000000000Z)",2023-02-09T08:01:00.000000000Z,"[2023-02-09T08:00:00.000000000Z,2023-02-09T08:01:00.000000000Z)",2023-02-09T08:01:00.000000000Z,data/minutes/2022_2023/raw/spot/klines/ETHUSDT/ETHUSDT-1m-2023-02.zip,12001,ms,data/minutes/2022_2023/raw/futures/klines/ETHUSDT/ETHUSDT-1m-2023-02.zip,12002,ms,1631.61000000,1631.61,0,0,0,zero,0,0,verified,run_f4151cc97937f3704d77fb14:signals.parquet:row=970,run_f4151cc97937f3704d77fb14:signals.parquet:row=3160
early,ETHUSDT,temporal_grid_6/13,2023-02-16T00:01:00.019000000Z,2023-02-16T00:00:00.019000000Z,"[2023-02-16T00:00:00.000000000Z,2023-02-16T00:01:00.000000000Z)",2023-02-16T00:01:00.000000000Z,"[2023-02-16T00:00:00.000000000Z,2023-02-16T00:01:00.000000000Z)",2023-02-16T00:01:00.000000000Z,data/minutes/2022_2023/raw/spot/klines/ETHUSDT/ETHUSDT-1m-2023-02.zip,21601,ms,data/minutes/2022_2023/raw/futures/klines/ETHUSDT/ETHUSDT-1m-2023-02.zip,21602,ms,1675.41000000,1675.69,0.00016712327131866229758685933592374403877259894592965304015,0.000167123271318662297586859,0.000167123271318662297586859,positive_eligible,-3.3592374403877259894592965304015E-28,-3.3592374403877259894592965304015E-28,verified,run_f4151cc97937f3704d77fb14:signals.parquet:row=1010,run_f4151cc97937f3704d77fb14:signals.parquet:row=3200
early,ETHUSDT,nearest_zero,2023-02-17T16:01:00.000000000Z,2023-02-17T16:00:00.000000000Z,"[2023-02-17T16:00:00.000000000Z,2023-02-17T16:01:00.000000000Z)",2023-02-17T16:01:00.000000000Z,"[2023-02-17T16:00:00.000000000Z,2023-02-17T16:01:00.000000000Z)",2023-02-17T16:01:00.000000000Z,data/minutes/2022_2023/raw/spot/klines/ETHUSDT/ETHUSDT-1m-2023-02.zip,24001,ms,data/minutes/2022_2023/raw/futures/klines/ETHUSDT/ETHUSDT-1m-2023-02.zip,24002,ms,1676.70000000,1676.70,0,0,0,zero,0,0,verified,run_f4151cc97937f3704d77fb14:signals.parquet:row=1020,run_f4151cc97937f3704d77fb14:signals.parquet:row=3210
early,ETHUSDT,nearest_zero,2023-03-14T08:01:00.009000000Z,2023-03-14T08:00:00.009000000Z,"[2023-03-14T08:00:00.000000000Z,2023-03-14T08:01:00.000000000Z)",2023-03-14T08:01:00.000000000Z,"[2023-03-14T08:00:00.000000000Z,2023-03-14T08:01:00.000000000Z)",2023-03-14T08:01:00.000000000Z,data/minutes/2022_2023/raw/spot/klines/ETHUSDT/ETHUSDT-1m-2023-03.zip,19201,ms,data/minutes/2022_2023/raw/futures/klines/ETHUSDT/ETHUSDT-1m-2023-03.zip,19202,ms,1666.83000000,1666.83,0,0,0,zero,0,0,verified,run_f4151cc97937f3704d77fb14:signals.parquet:row=1168,run_f4151cc97937f3704d77fb14:signals.parquet:row=3358
early,ETHUSDT,temporal_grid_7/13,2023-03-16T08:01:00.018000000Z,2023-03-16T08:00:00.018000000Z,"[2023-03-16T08:00:00.000000000Z,2023-03-16T08:01:00.000000000Z)",2023-03-16T08:01:00.000000000Z,"[2023-03-16T08:00:00.000000000Z,2023-03-16T08:01:00.000000000Z)",2023-03-16T08:01:00.000000000Z,data/minutes/2022_2023/raw/spot/klines/ETHUSDT/ETHUSDT-1m-2023-03.zip,22081,ms,data/minutes/2022_2023/raw/futures/klines/ETHUSDT/ETHUSDT-1m-2023-03.zip,22082,ms,1656.25000000,1655.53,-0.000434716981132075471698113207547169811320754716981132075472,-0.0004347169811320754716981132,-0.0004347169811320754716981132,negative,7.547169811320754716981132075472E-30,7.547169811320754716981132075472E-30,verified,run_f4151cc97937f3704d77fb14:signals.parquet:row=1180,run_f4151cc97937f3704d77fb14:signals.parquet:row=3370
early,ETHUSDT,temporal_grid_8/13,2023-04-13T08:01:00.010000000Z,2023-04-13T08:00:00.010000000Z,"[2023-04-13T08:00:00.000000000Z,2023-04-13T08:01:00.000000000Z)",2023-04-13T08:01:00.000000000Z,"[2023-04-13T08:00:00.000000000Z,2023-04-13T08:01:00.000000000Z)",2023-04-13T08:01:00.000000000Z,data/minutes/2022_2023/raw/spot/klines/ETHUSDT/ETHUSDT-1m-2023-04.zip,17761,ms,data/minutes/2022_2023/raw/futures/klines/ETHUSDT/ETHUSDT-1m-2023-04.zip,17762,ms,1924.52000000,1923.88,-0.000332550454139213933864028433063828902791345374431026957371,-0.0003325504541392139338640284,-0.0003325504541392139338640284,negative,3.3063828902791345374431026957371E-29,3.3063828902791345374431026957371E-29,verified,run_f4151cc97937f3704d77fb14:signals.parquet:row=1348,run_f4151cc97937f3704d77fb14:signals.parquet:row=3538
early,ETHUSDT,nearest_zero,2023-04-16T16:01:00.002000000Z,2023-04-16T16:00:00.002000000Z,"[2023-04-16T16:00:00.000000000Z,2023-04-16T16:01:00.000000000Z)",2023-04-16T16:01:00.000000000Z,"[2023-04-16T16:00:00.000000000Z,2023-04-16T16:01:00.000000000Z)",2023-04-16T16:01:00.000000000Z,data/minutes/2022_2023/raw/spot/klines/ETHUSDT/ETHUSDT-1m-2023-04.zip,22561,ms,data/minutes/2022_2023/raw/futures/klines/ETHUSDT/ETHUSDT-1m-2023-04.zip,22562,ms,2093.88000000,2093.89,0.00000477582287428123865742067358205818862590024261180201349,0.000004775822874281238657421,0.000004775822874281238657421,positive_eligible,3.2641794181137409975738819798651E-28,3.2641794181137409975738819798651E-28,verified,run_f4151cc97937f3704d77fb14:signals.parquet:row=1368,run_f4151cc97937f3704d77fb14:signals.parquet:row=3558
early,ETHUSDT,temporal_grid_9/13,2023-05-11T08:01:00.000000000Z,2023-05-11T08:00:00.000000000Z,"[2023-05-11T08:00:00.000000000Z,2023-05-11T08:01:00.000000000Z)",2023-05-11T08:01:00.000000000Z,"[2023-05-11T08:00:00.000000000Z,2023-05-11T08:01:00.000000000Z)",2023-05-11T08:01:00.000000000Z,data/minutes/2022_2023/raw/spot/klines/ETHUSDT/ETHUSDT-1m-2023-05.zip,14881,ms,data/minutes/2022_2023/raw/futures/klines/ETHUSDT/ETHUSDT-1m-2023-05.zip,14882,ms,1825.40000000,1824.64,-0.000416347102005039991234797852525473868741097841568971184398,-0.0004163471020050399912347979,-0.0004163471020050399912347979,negative,-4.7474526131258902158431028815602E-29,-4.7474526131258902158431028815602E-29,verified,run_f4151cc97937f3704d77fb14:signals.parquet:row=1516,run_f4151cc97937f3704d77fb14:signals.parquet:row=3706
early,ETHUSDT,temporal_grid_10/13,2023-06-08T08:01:00.000000000Z,2023-06-08T08:00:00.000000000Z,"[2023-06-08T08:00:00.000000000Z,2023-06-08T08:01:00.000000000Z)",2023-06-08T08:01:00.000000000Z,"[2023-06-08T08:00:00.000000000Z,2023-06-08T08:01:00.000000000Z)",2023-06-08T08:01:00.000000000Z,data/minutes/2022_2023/raw/spot/klines/ETHUSDT/ETHUSDT-1m-2023-06.zip,10561,ms,data/minutes/2022_2023/raw/futures/klines/ETHUSDT/ETHUSDT-1m-2023-06.zip,10562,ms,1842.13000000,1841.37,-0.000412565888400927187549195767942544771541639297986569894633,-0.0004125658884009271875491958,-0.0004125658884009271875491958,negative,-3.2057455228458360702013430105367E-29,-3.2057455228458360702013430105367E-29,verified,run_f4151cc97937f3704d77fb14:signals.parquet:row=1684,run_f4151cc97937f3704d77fb14:signals.parquet:row=3874
early,ETHUSDT,temporal_grid_11/13,2023-07-06T08:01:00.000000000Z,2023-07-06T08:00:00.000000000Z,"[2023-07-06T08:00:00.000000000Z,2023-07-06T08:01:00.000000000Z)",2023-07-06T08:01:00.000000000Z,"[2023-07-06T08:00:00.000000000Z,2023-07-06T08:01:00.000000000Z)",2023-07-06T08:01:00.000000000Z,data/minutes/2022_2023/raw/spot/klines/ETHUSDT/ETHUSDT-1m-2023-07.zip,7681,ms,data/minutes/2022_2023/raw/futures/klines/ETHUSDT/ETHUSDT-1m-2023-07.zip,7682,ms,1925.25000000,1924.50,-0.000389559797428905336969224776003116478379431242695753798208,-0.0003895597974289053369692248,-0.0003895597974289053369692248,negative,-2.3996883521620568757304246201792E-29,-2.3996883521620568757304246201792E-29,verified,run_f4151cc97937f3704d77fb14:signals.parquet:row=1852,run_f4151cc97937f3704d77fb14:signals.parquet:row=4042
early,ETHUSDT,temporal_grid_12/13,2023-08-03T08:01:00.000000000Z,2023-08-03T08:00:00.000000000Z,"[2023-08-03T08:00:00.000000000Z,2023-08-03T08:01:00.000000000Z)",2023-08-03T08:01:00.000000000Z,"[2023-08-03T08:00:00.000000000Z,2023-08-03T08:01:00.000000000Z)",2023-08-03T08:01:00.000000000Z,data/minutes/2022_2023/raw/spot/klines/ETHUSDT/ETHUSDT-1m-2023-08.zip,3361,ms,data/minutes/2022_2023/raw/futures/klines/ETHUSDT/ETHUSDT-1m-2023-08.zip,3362,ms,1832.02000000,1831.47,-0.000300215063154332376284101701946485300378816825143830307529,-0.0003002150631543323762841017,-0.0003002150631543323762841017,negative,1.946485300378816825143830307529E-30,1.946485300378816825143830307529E-30,verified,run_f4151cc97937f3704d77fb14:signals.parquet:row=2020,run_f4151cc97937f3704d77fb14:signals.parquet:row=4210
early,ETHUSDT,temporal_grid_13/13,2023-08-31T16:01:00.000000000Z,2023-08-31T16:00:00.000000000Z,"[2023-08-31T16:00:00.000000000Z,2023-08-31T16:01:00.000000000Z)",2023-08-31T16:01:00.000000000Z,"[2023-08-31T16:00:00.000000000Z,2023-08-31T16:01:00.000000000Z)",2023-08-31T16:01:00.000000000Z,data/minutes/2022_2023/raw/spot/klines/ETHUSDT/ETHUSDT-1m-2023-08.zip,44161,ms,data/minutes/2022_2023/raw/futures/klines/ETHUSDT/ETHUSDT-1m-2023-08.zip,44162,ms,1688.77000000,1688.06,-0.000420424332502353784115065994777263925815830456486081586006,-0.0004204243325023537841150660,-0.0004204243325023537841150660,negative,-5.222736074184169543513918413994E-30,-5.222736074184169543513918413994E-30,verified,run_f4151cc97937f3704d77fb14:signals.parquet:row=2190,run_f4151cc97937f3704d77fb14:signals.parquet:row=4380
late,BTCUSDT,temporal_grid_0/13,2025-09-01T00:01:00.000000000Z,2025-09-01T00:00:00.000000000Z,"[2025-09-01T00:00:00.000000000Z,2025-09-01T00:01:00.000000000Z)",2025-09-01T00:01:00.000000000Z,"[2025-09-01T00:00:00.000000000Z,2025-09-01T00:01:00.000000000Z)",2025-09-01T00:01:00.000000000Z,data/minutes/2025_2026/raw/spot/klines/BTCUSDT/BTCUSDT-1m-2025-09.zip,1,us,data/minutes/2025_2026/raw/futures/klines/BTCUSDT/BTCUSDT-1m-2025-09.zip,2,ms,108260.00000000,108221.40,-0.000356549048586735636430814705338998706816922224274893774247,-0.0003565490485867356364308147,-0.0003565490485867356364308147,negative,5.338998706816922224274893774247E-30,5.338998706816922224274893774247E-30,verified,run_519a165818e2cadce24bc873:signals.parquet:row=1,run_519a165818e2cadce24bc873:signals.parquet:row=2191
late,BTCUSDT,temporal_grid_1/13,2025-09-29T00:01:00.000000000Z,2025-09-29T00:00:00.000000000Z,"[2025-09-29T00:00:00.000000000Z,2025-09-29T00:01:00.000000000Z)",2025-09-29T00:01:00.000000000Z,"[2025-09-29T00:00:00.000000000Z,2025-09-29T00:01:00.000000000Z)",2025-09-29T00:01:00.000000000Z,data/minutes/2025_2026/raw/spot/klines/BTCUSDT/BTCUSDT-1m-2025-09.zip,40321,us,data/minutes/2025_2026/raw/futures/klines/BTCUSDT/BTCUSDT-1m-2025-09.zip,40322,ms,112149.02000000,112094.30,-0.000487922230617797641031548915897793846080866333027252489589,-0.0004879222306177976410315489,-0.0004879222306177976410315489,negative,1.5897793846080866333027252489589E-29,1.5897793846080866333027252489589E-29,verified,run_519a165818e2cadce24bc873:signals.parquet:row=169,run_519a165818e2cadce24bc873:signals.parquet:row=2359
late,BTCUSDT,temporal_grid_2/13,2025-10-27T00:01:00.000000000Z,2025-10-27T00:00:00.000000000Z,"[2025-10-27T00:00:00.000000000Z,2025-10-27T00:01:00.000000000Z)",2025-10-27T00:01:00.000000000Z,"[2025-10-27T00:00:00.000000000Z,2025-10-27T00:01:00.000000000Z)",2025-10-27T00:01:00.000000000Z,data/minutes/2025_2026/raw/spot/klines/BTCUSDT/BTCUSDT-1m-2025-10.zip,37441,us,data/minutes/2025_2026/raw/futures/klines/BTCUSDT/BTCUSDT-1m-2025-10.zip,37442,ms,114384.15000000,114321.50,-0.000547715745581883503964491583842691491784482378021780115514,-0.0005477157455818835039644916,-0.0005477157455818835039644916,negative,-1.6157308508215517621978219884486E-29,-1.6157308508215517621978219884486E-29,verified,run_519a165818e2cadce24bc873:signals.parquet:row=337,run_519a165818e2cadce24bc873:signals.parquet:row=2527
late,BTCUSDT,temporal_grid_3/13,2025-11-24T00:01:00.004000000Z,2025-11-24T00:00:00.004000000Z,"[2025-11-24T00:00:00.000000000Z,2025-11-24T00:01:00.000000000Z)",2025-11-24T00:01:00.000000000Z,"[2025-11-24T00:00:00.000000000Z,2025-11-24T00:01:00.000000000Z)",2025-11-24T00:01:00.000000000Z,data/minutes/2025_2026/raw/spot/klines/BTCUSDT/BTCUSDT-1m-2025-11.zip,33121,us,data/minutes/2025_2026/raw/futures/klines/BTCUSDT/BTCUSDT-1m-2025-11.zip,33122,ms,86780.01000000,86746.90,-0.000381539481269937627340674424904998282438547771543239047795,-0.0003815394812699376273406744,-0.0003815394812699376273406744,negative,2.4904998282438547771543239047795E-29,2.4904998282438547771543239047795E-29,verified,run_519a165818e2cadce24bc873:signals.parquet:row=505,run_519a165818e2cadce24bc873:signals.parquet:row=2695
late,BTCUSDT,temporal_grid_4/13,2025-12-22T00:01:00.000000000Z,2025-12-22T00:00:00.000000000Z,"[2025-12-22T00:00:00.000000000Z,2025-12-22T00:01:00.000000000Z)",2025-12-22T00:01:00.000000000Z,"[2025-12-22T00:00:00.000000000Z,2025-12-22T00:01:00.000000000Z)",2025-12-22T00:01:00.000000000Z,data/minutes/2025_2026/raw/spot/klines/BTCUSDT/BTCUSDT-1m-2025-12.zip,30241,us,data/minutes/2025_2026/raw/futures/klines/BTCUSDT/BTCUSDT-1m-2025-12.zip,30242,ms,88769.84000000,88731.50,-0.000431903448288292510158855755513359041764635376159290137281,-0.0004319034482882925101588558,-0.0004319034482882925101588558,negative,-4.4486640958235364623840709862719E-29,-4.4486640958235364623840709862719E-29,verified,run_519a165818e2cadce24bc873:signals.parquet:row=673,run_519a165818e2cadce24bc873:signals.parquet:row=2863
late,BTCUSDT,temporal_grid_5/13,2026-01-19T00:01:00.007000000Z,2026-01-19T00:00:00.007000000Z,"[2026-01-19T00:00:00.000000000Z,2026-01-19T00:01:00.000000000Z)",2026-01-19T00:01:00.000000000Z,"[2026-01-19T00:00:00.000000000Z,2026-01-19T00:01:00.000000000Z)",2026-01-19T00:01:00.000000000Z,data/minutes/2025_2026/raw/spot/klines/BTCUSDT/BTCUSDT-1m-2026-01.zip,25921,us,data/minutes/2025_2026/raw/futures/klines/BTCUSDT/BTCUSDT-1m-2026-01.zip,25922,ms,93365.03000000,93311.40,-0.000574412068415765517346269797160671399130916575510124079647,-0.0005744120684157655173462698,-0.0005744120684157655173462698,negative,-2.839328600869083424489875920353E-30,-2.839328600869083424489875920353E-30,verified,run_519a165818e2cadce24bc873:signals.parquet:row=841,run_519a165818e2cadce24bc873:signals.parquet:row=3031
late,BTCUSDT,temporal_grid_6/13,2026-02-16T00:01:00.001000000Z,2026-02-16T00:00:00.001000000Z,"[2026-02-16T00:00:00.000000000Z,2026-02-16T00:01:00.000000000Z)",2026-02-16T00:01:00.000000000Z,"[2026-02-16T00:00:00.000000000Z,2026-02-16T00:01:00.000000000Z)",2026-02-16T00:01:00.000000000Z,data/minutes/2025_2026/raw/spot/klines/BTCUSDT/BTCUSDT-1m-2026-02.zip,21601,us,data/minutes/2025_2026/raw/futures/klines/BTCUSDT/BTCUSDT-1m-2026-02.zip,21602,ms,68751.76000000,68717.10,-0.000504132548752206488968427862792167065977656426540935097516,-0.0005041325487522064889684279,-0.0005041325487522064889684279,negative,-3.7207832934022343573459064902484E-29,-3.7207832934022343573459064902484E-29,verified,run_519a165818e2cadce24bc873:signals.parquet:row=1009,run_519a165818e2cadce24bc873:signals.parquet:row=3199
late,BTCUSDT,minimum,2026-03-04T16:01:00.000000000Z,2026-03-04T16:00:00.000000000Z,"[2026-03-04T16:00:00.000000000Z,2026-03-04T16:01:00.000000000Z)",2026-03-04T16:01:00.000000000Z,"[2026-03-04T16:00:00.000000000Z,2026-03-04T16:01:00.000000000Z)",2026-03-04T16:01:00.000000000Z,data/minutes/2025_2026/raw/spot/klines/BTCUSDT/BTCUSDT-1m-2026-03.zip,5281,us,data/minutes/2025_2026/raw/futures/klines/BTCUSDT/BTCUSDT-1m-2026-03.zip,5282,ms,73444.71000000,73378.20,-0.000905579176498892840614388701378220432758193204112317960000,-0.0009055791764988928406143887,-0.0009055791764988928406143887,negative,1.378220432758193204112317960000E-30,1.378220432758193204112317960000E-30,verified,run_519a165818e2cadce24bc873:signals.parquet:row=1109,run_519a165818e2cadce24bc873:signals.parquet:row=3299
late,BTCUSDT,temporal_grid_7/13,2026-03-16T08:01:00.010000000Z,2026-03-16T08:00:00.010000000Z,"[2026-03-16T08:00:00.000000000Z,2026-03-16T08:01:00.000000000Z)",2026-03-16T08:01:00.000000000Z,"[2026-03-16T08:00:00.000000000Z,2026-03-16T08:01:00.000000000Z)",2026-03-16T08:01:00.000000000Z,data/minutes/2025_2026/raw/spot/klines/BTCUSDT/BTCUSDT-1m-2026-03.zip,22081,us,data/minutes/2025_2026/raw/futures/klines/BTCUSDT/BTCUSDT-1m-2026-03.zip,22082,ms,73621.09000000,73600.10,-0.000285108519854840508338031941662368758734759292479913024923,-0.0002851085198548405083380319,-0.0002851085198548405083380319,negative,4.1662368758734759292479913024923E-29,4.1662368758734759292479913024923E-29,verified,run_519a165818e2cadce24bc873:signals.parquet:row=1179,run_519a165818e2cadce24bc873:signals.parquet:row=3369
late,BTCUSDT,temporal_grid_8/13,2026-04-13T08:01:00.006000000Z,2026-04-13T08:00:00.006000000Z,"[2026-04-13T08:00:00.000000000Z,2026-04-13T08:01:00.000000000Z)",2026-04-13T08:01:00.000000000Z,"[2026-04-13T08:00:00.000000000Z,2026-04-13T08:01:00.000000000Z)",2026-04-13T08:01:00.000000000Z,data/minutes/2025_2026/raw/spot/klines/BTCUSDT/BTCUSDT-1m-2026-04.zip,17761,us,data/minutes/2025_2026/raw/futures/klines/BTCUSDT/BTCUSDT-1m-2026-04.zip,17762,ms,70780.01000000,70746.60,-0.000472025929354912495773877398434953597774286836071370998676,-0.0004720259293549124957738774,-0.0004720259293549124957738774,negative,-1.565046402225713163928629001324E-30,-1.565046402225713163928629001324E-30,verified,run_519a165818e2cadce24bc873:signals.parquet:row=1347,run_519a165818e2cadce24bc873:signals.parquet:row=3537
late,BTCUSDT,temporal_grid_9/13,2026-05-11T08:01:00.000000000Z,2026-05-11T08:00:00.000000000Z,"[2026-05-11T08:00:00.000000000Z,2026-05-11T08:01:00.000000000Z)",2026-05-11T08:01:00.000000000Z,"[2026-05-11T08:00:00.000000000Z,2026-05-11T08:01:00.000000000Z)",2026-05-11T08:01:00.000000000Z,data/minutes/2025_2026/raw/spot/klines/BTCUSDT/BTCUSDT-1m-2026-05.zip,14881,us,data/minutes/2025_2026/raw/futures/klines/BTCUSDT/BTCUSDT-1m-2026-05.zip,14882,ms,80753.19000000,80714.70,-0.000476637517353803608253742050314049513090442619046999877033,-0.0004766375173538036082537421,-0.0004766375173538036082537421,negative,-4.9685950486909557380953000122967E-29,-4.9685950486909557380953000122967E-29,verified,run_519a165818e2cadce24bc873:signals.parquet:row=1515,run_519a165818e2cadce24bc873:signals.parquet:row=3705
late,BTCUSDT,temporal_grid_10/13,2026-06-08T08:01:00.005000000Z,2026-06-08T08:00:00.005000000Z,"[2026-06-08T08:00:00.000000000Z,2026-06-08T08:01:00.000000000Z)",2026-06-08T08:01:00.000000000Z,"[2026-06-08T08:00:00.000000000Z,2026-06-08T08:01:00.000000000Z)",2026-06-08T08:01:00.000000000Z,data/minutes/2025_2026/raw/spot/klines/BTCUSDT/BTCUSDT-1m-2026-06.zip,10561,us,data/minutes/2025_2026/raw/futures/klines/BTCUSDT/BTCUSDT-1m-2026-06.zip,10562,ms,63220.00000000,63188.70,-0.000495096488453021195824106295476115153432458082885162923126,-0.0004950964884530211958241063,-0.0004950964884530211958241063,negative,-4.523884846567541917114837076874E-30,-4.523884846567541917114837076874E-30,verified,run_519a165818e2cadce24bc873:signals.parquet:row=1683,run_519a165818e2cadce24bc873:signals.parquet:row=3873
late,BTCUSDT,temporal_grid_11/13,2026-07-06T08:01:00.000000000Z,2026-07-06T08:00:00.000000000Z,"[2026-07-06T08:00:00.000000000Z,2026-07-06T08:01:00.000000000Z)",2026-07-06T08:01:00.000000000Z,"[2026-07-06T08:00:00.000000000Z,2026-07-06T08:01:00.000000000Z)",2026-07-06T08:01:00.000000000Z,data/minutes/2025_2026/raw/spot/klines/BTCUSDT/BTCUSDT-1m-2026-07.zip,7681,us,data/minutes/2025_2026/raw/futures/klines/BTCUSDT/BTCUSDT-1m-2026-07.zip,7682,ms,63145.54000000,63125.00,-0.000325280296914081342878689452968491519749454989220141279970,-0.0003252802969140813428786895,-0.0003252802969140813428786895,negative,-4.7031508480250545010779858720030E-29,-4.7031508480250545010779858720030E-29,verified,run_519a165818e2cadce24bc873:signals.parquet:row=1851,run_519a165818e2cadce24bc873:signals.parquet:row=4041
late,BTCUSDT,temporal_grid_12/13,2026-08-03T08:01:00.000000000Z,2026-08-03T08:00:00.000000000Z,"[2026-08-03T08:00:00.000000000Z,2026-08-03T08:01:00.000000000Z)",2026-08-03T08:01:00.000000000Z,"[2026-08-03T08:00:00.000000000Z,2026-08-03T08:01:00.000000000Z)",2026-08-03T08:01:00.000000000Z,data/minutes/2025_2026/raw/spot/klines/BTCUSDT/BTCUSDT-1m-2026-08.zip,3361,us,data/minutes/2025_2026/raw/futures/klines/BTCUSDT/BTCUSDT-1m-2026-08.zip,3362,ms,62642.00000000,62614.90,-0.000432617093962517161010184859998084352351457488585932760768,-0.0004326170939625171610101849,-0.0004326170939625171610101849,negative,-4.0001915647648542511414067239232E-29,-4.0001915647648542511414067239232E-29,verified,run_519a165818e2cadce24bc873:signals.parquet:row=2019,run_519a165818e2cadce24bc873:signals.parquet:row=4209
late,BTCUSDT,nearest_zero,2026-08-20T08:01:00.000000000Z,2026-08-20T08:00:00.000000000Z,"[2026-08-20T08:00:00.000000000Z,2026-08-20T08:01:00.000000000Z)",2026-08-20T08:01:00.000000000Z,"[2026-08-20T08:00:00.000000000Z,2026-08-20T08:01:00.000000000Z)",2026-08-20T08:01:00.000000000Z,data/minutes/2025_2026/raw/spot/klines/BTCUSDT/BTCUSDT-1m-2026-08.zip,27841,us,data/minutes/2025_2026/raw/futures/klines/BTCUSDT/BTCUSDT-1m-2026-08.zip,27842,ms,69790.00000000,69788.80,-0.000017194440464249892534747098438171657830634761427138558533,-0.0000171944404642498925347471,-0.0000171944404642498925347471,negative,-1.561828342169365238572861441467E-30,-1.561828342169365238572861441467E-30,verified,run_519a165818e2cadce24bc873:signals.parquet:row=2121,run_519a165818e2cadce24bc873:signals.parquet:row=4311
late,BTCUSDT,nearest_zero,2026-08-21T08:01:00.000000000Z,2026-08-21T08:00:00.000000000Z,"[2026-08-21T08:00:00.000000000Z,2026-08-21T08:01:00.000000000Z)",2026-08-21T08:01:00.000000000Z,"[2026-08-21T08:00:00.000000000Z,2026-08-21T08:01:00.000000000Z)",2026-08-21T08:01:00.000000000Z,data/minutes/2025_2026/raw/spot/klines/BTCUSDT/BTCUSDT-1m-2026-08.zip,29281,us,data/minutes/2025_2026/raw/futures/klines/BTCUSDT/BTCUSDT-1m-2026-08.zip,29282,ms,76341.99000000,76345.00,0.00003942784305203466663627709992888579404335674246898725066,0.000039427843052034666636277,0.000039427843052034666636277,positive_eligible,-9.992888579404335674246898725066E-29,-9.992888579404335674246898725066E-29,verified,run_519a165818e2cadce24bc873:signals.parquet:row=2127,run_519a165818e2cadce24bc873:signals.parquet:row=4317
late,BTCUSDT,nearest_zero,2026-08-21T16:01:00.001000000Z,2026-08-21T16:00:00.001000000Z,"[2026-08-21T16:00:00.000000000Z,2026-08-21T16:01:00.000000000Z)",2026-08-21T16:01:00.000000000Z,"[2026-08-21T16:00:00.000000000Z,2026-08-21T16:01:00.000000000Z)",2026-08-21T16:01:00.000000000Z,data/minutes/2025_2026/raw/spot/klines/BTCUSDT/BTCUSDT-1m-2026-08.zip,29761,us,data/minutes/2025_2026/raw/futures/klines/BTCUSDT/BTCUSDT-1m-2026-08.zip,29762,ms,77283.14000000,77284.60,0.00001889157195217482105411348451939193982025057470490976428,0.000018891571952174821054113,0.000018891571952174821054113,positive_eligible,-4.8451939193982025057470490976428E-28,-4.8451939193982025057470490976428E-28,verified,run_519a165818e2cadce24bc873:signals.parquet:row=2129,run_519a165818e2cadce24bc873:signals.parquet:row=4319
late,BTCUSDT,nearest_zero,2026-08-22T08:01:00.000000000Z,2026-08-22T08:00:00.000000000Z,"[2026-08-22T08:00:00.000000000Z,2026-08-22T08:01:00.000000000Z)",2026-08-22T08:01:00.000000000Z,"[2026-08-22T08:00:00.000000000Z,2026-08-22T08:01:00.000000000Z)",2026-08-22T08:01:00.000000000Z,data/minutes/2025_2026/raw/spot/klines/BTCUSDT/BTCUSDT-1m-2026-08.zip,30721,us,data/minutes/2025_2026/raw/futures/klines/BTCUSDT/BTCUSDT-1m-2026-08.zip,30722,ms,77335.36000000,77331.50,-0.000049912485052115875583950213718537031443313899359878844554,-0.0000499124850521158755839502,-0.0000499124850521158755839502,negative,1.3718537031443313899359878844554E-29,1.3718537031443313899359878844554E-29,verified,run_519a165818e2cadce24bc873:signals.parquet:row=2133,run_519a165818e2cadce24bc873:signals.parquet:row=4323
late,BTCUSDT,maximum,2026-08-23T08:01:00.000000000Z,2026-08-23T08:00:00.000000000Z,"[2026-08-23T08:00:00.000000000Z,2026-08-23T08:01:00.000000000Z)",2026-08-23T08:01:00.000000000Z,"[2026-08-23T08:00:00.000000000Z,2026-08-23T08:01:00.000000000Z)",2026-08-23T08:01:00.000000000Z,data/minutes/2025_2026/raw/spot/klines/BTCUSDT/BTCUSDT-1m-2026-08.zip,32161,us,data/minutes/2025_2026/raw/futures/klines/BTCUSDT/BTCUSDT-1m-2026-08.zip,32162,ms,76007.12000000,76023.60,0.00021682179248470406456658270961983561540024145106405820928,0.000216821792484704064566583,0.000216821792484704064566583,positive_eligible,2.9038016438459975854893594179072E-28,2.9038016438459975854893594179072E-28,verified,run_519a165818e2cadce24bc873:signals.parquet:row=2139,run_519a165818e2cadce24bc873:signals.parquet:row=4329
late,BTCUSDT,temporal_grid_13/13,2026-08-31T16:01:00.001000000Z,2026-08-31T16:00:00.001000000Z,"[2026-08-31T16:00:00.000000000Z,2026-08-31T16:01:00.000000000Z)",2026-08-31T16:01:00.000000000Z,"[2026-08-31T16:00:00.000000000Z,2026-08-31T16:01:00.000000000Z)",2026-08-31T16:01:00.000000000Z,data/minutes/2025_2026/raw/spot/klines/BTCUSDT/BTCUSDT-1m-2026-08.zip,44161,us,data/minutes/2025_2026/raw/futures/klines/BTCUSDT/BTCUSDT-1m-2026-08.zip,44162,ms,78574.01000000,78534.20,-0.000506656081317473805906049595788734722842833145463748127402,-0.0005066560813174738059060496,-0.0005066560813174738059060496,negative,-4.211265277157166854536251872598E-30,-4.211265277157166854536251872598E-30,verified,run_519a165818e2cadce24bc873:signals.parquet:row=2189,run_519a165818e2cadce24bc873:signals.parquet:row=4379
late,ETHUSDT,temporal_grid_0/14,2025-09-01T00:01:00.000000000Z,2025-09-01T00:00:00.000000000Z,"[2025-09-01T00:00:00.000000000Z,2025-09-01T00:01:00.000000000Z)",2025-09-01T00:01:00.000000000Z,"[2025-09-01T00:00:00.000000000Z,2025-09-01T00:01:00.000000000Z)",2025-09-01T00:01:00.000000000Z,data/minutes/2025_2026/raw/spot/klines/ETHUSDT/ETHUSDT-1m-2025-09.zip,1,us,data/minutes/2025_2026/raw/futures/klines/ETHUSDT/ETHUSDT-1m-2025-09.zip,2,ms,4389.95000000,4387.75,-0.000501144659961958564448342236244148566612375995170787822185,-0.0005011446599619585644483422,-0.0005011446599619585644483422,negative,3.6244148566612375995170787822185E-29,3.6244148566612375995170787822185E-29,verified,run_519a165818e2cadce24bc873:signals.parquet:row=2,run_519a165818e2cadce24bc873:signals.parquet:row=2192
late,ETHUSDT,temporal_grid_1/14,2025-09-27T00:01:00.000000000Z,2025-09-27T00:00:00.000000000Z,"[2025-09-27T00:00:00.000000000Z,2025-09-27T00:01:00.000000000Z)",2025-09-27T00:01:00.000000000Z,"[2025-09-27T00:00:00.000000000Z,2025-09-27T00:01:00.000000000Z)",2025-09-27T00:01:00.000000000Z,data/minutes/2025_2026/raw/spot/klines/ETHUSDT/ETHUSDT-1m-2025-09.zip,37441,us,data/minutes/2025_2026/raw/futures/klines/ETHUSDT/ETHUSDT-1m-2025-09.zip,37442,ms,4028.93000000,4026.63,-0.000570871174232364424301241272496667849776491525045111233007,-0.0005708711742323644243012413,-0.0005708711742323644243012413,negative,-2.7503332150223508474954888766993E-29,-2.7503332150223508474954888766993E-29,verified,run_519a165818e2cadce24bc873:signals.parquet:row=158,run_519a165818e2cadce24bc873:signals.parquet:row=2348
late,ETHUSDT,minimum,2025-10-11T00:01:00.000000000Z,2025-10-11T00:00:00.000000000Z,"[2025-10-11T00:00:00.000000000Z,2025-10-11T00:01:00.000000000Z)",2025-10-11T00:01:00.000000000Z,"[2025-10-11T00:00:00.000000000Z,2025-10-11T00:01:00.000000000Z)",2025-10-11T00:01:00.000000000Z,data/minutes/2025_2026/raw/spot/klines/ETHUSDT/ETHUSDT-1m-2025-10.zip,14401,us,data/minutes/2025_2026/raw/futures/klines/ETHUSDT/ETHUSDT-1m-2025-10.zip,14402,ms,3827.99000000,3819.64,-0.002181301414058030454625012082058730560947128910995065295364,-0.0021813014140580304546250121,-0.0021813014140580304546250121,negative,-1.7941269439052871089004934704636E-29,-1.7941269439052871089004934704636E-29,verified,run_519a165818e2cadce24bc873:signals.parquet:row=242,run_519a165818e2cadce24bc873:signals.parquet:row=2432
late,ETHUSDT,temporal_grid_2/14,2025-10-23T00:01:00.000000000Z,2025-10-23T00:00:00.000000000Z,"[2025-10-23T00:00:00.000000000Z,2025-10-23T00:01:00.000000000Z)",2025-10-23T00:01:00.000000000Z,"[2025-10-23T00:00:00.000000000Z,2025-10-23T00:01:00.000000000Z)",2025-10-23T00:01:00.000000000Z,data/minutes/2025_2026/raw/spot/klines/ETHUSDT/ETHUSDT-1m-2025-10.zip,31681,us,data/minutes/2025_2026/raw/futures/klines/ETHUSDT/ETHUSDT-1m-2025-10.zip,31682,ms,3804.31000000,3802.42,-0.000496804939660542910540939092765836643175766433334822871953,-0.0004968049396605429105409391,-0.0004968049396605429105409391,negative,-7.234163356824233566665177128047E-30,-7.234163356824233566665177128047E-30,verified,run_519a165818e2cadce24bc873:signals.parquet:row=314,run_519a165818e2cadce24bc873:signals.parquet:row=2504
late,ETHUSDT,nearest_zero,2025-10-29T16:01:00.000000000Z,2025-10-29T16:00:00.000000000Z,"[2025-10-29T16:00:00.000000000Z,2025-10-29T16:01:00.000000000Z)",2025-10-29T16:01:00.000000000Z,"[2025-10-29T16:00:00.000000000Z,2025-10-29T16:01:00.000000000Z)",2025-10-29T16:01:00.000000000Z,data/minutes/2025_2026/raw/spot/klines/ETHUSDT/ETHUSDT-1m-2025-10.zip,41281,us,data/minutes/2025_2026/raw/futures/klines/ETHUSDT/ETHUSDT-1m-2025-10.zip,41282,ms,3947.73000000,3947.06,-0.000169717787184027276434811904562875373949079597642189308793,-0.0001697177871840272764348119,-0.0001697177871840272764348119,negative,4.562875373949079597642189308793E-30,4.562875373949079597642189308793E-30,verified,run_519a165818e2cadce24bc873:signals.parquet:row=354,run_519a165818e2cadce24bc873:signals.parquet:row=2544
late,ETHUSDT,temporal_grid_3/14,2025-11-18T00:01:00.002000000Z,2025-11-18T00:00:00.002000000Z,"[2025-11-18T00:00:00.000000000Z,2025-11-18T00:01:00.000000000Z)",2025-11-18T00:01:00.000000000Z,"[2025-11-18T00:00:00.000000000Z,2025-11-18T00:01:00.000000000Z)",2025-11-18T00:01:00.000000000Z,data/minutes/2025_2026/raw/spot/klines/ETHUSDT/ETHUSDT-1m-2025-11.zip,24481,us,data/minutes/2025_2026/raw/futures/klines/ETHUSDT/ETHUSDT-1m-2025-11.zip,24482,ms,3030.07000000,3028.36,-0.000564343398007306761889989340180259861983386522423574372869,-0.0005643433980073067618899893,-0.0005643433980073067618899893,negative,4.0180259861983386522423574372869E-29,4.0180259861983386522423574372869E-29,verified,run_519a165818e2cadce24bc873:signals.parquet:row=470,run_519a165818e2cadce24bc873:signals.parquet:row=2660
late,ETHUSDT,temporal_grid_4/14,2025-12-14T00:01:00.000000000Z,2025-12-14T00:00:00.000000000Z,"[2025-12-14T00:00:00.000000000Z,2025-12-14T00:01:00.000000000Z)",2025-12-14T00:01:00.000000000Z,"[2025-12-14T00:00:00.000000000Z,2025-12-14T00:01:00.000000000Z)",2025-12-14T00:01:00.000000000Z,data/minutes/2025_2026/raw/spot/klines/ETHUSDT/ETHUSDT-1m-2025-12.zip,18721,us,data/minutes/2025_2026/raw/futures/klines/ETHUSDT/ETHUSDT-1m-2025-12.zip,18722,ms,3115.37000000,3114.21,-0.000372347425827429807695394126540346732490843784205407383393,-0.0003723474258274298076953941,-0.0003723474258274298076953941,negative,2.6540346732490843784205407383393E-29,2.6540346732490843784205407383393E-29,verified,run_519a165818e2cadce24bc873:signals.parquet:row=626,run_519a165818e2cadce24bc873:signals.parquet:row=2816
late,ETHUSDT,temporal_grid_5/14,2026-01-09T00:01:00.003000000Z,2026-01-09T00:00:00.003000000Z,"[2026-01-09T00:00:00.000000000Z,2026-01-09T00:01:00.000000000Z)",2026-01-09T00:01:00.000000000Z,"[2026-01-09T00:00:00.000000000Z,2026-01-09T00:01:00.000000000Z)",2026-01-09T00:01:00.000000000Z,data/minutes/2025_2026/raw/spot/klines/ETHUSDT/ETHUSDT-1m-2026-01.zip,11521,us,data/minutes/2025_2026/raw/futures/klines/ETHUSDT/ETHUSDT-1m-2026-01.zip,11522,ms,3107.47000000,3106.38,-0.000350767666300881424438530380019758839184288182991308041590,-0.0003507676663008814244385304,-0.0003507676663008814244385304,negative,-1.9980241160815711817008691958410E-29,-1.9980241160815711817008691958410E-29,verified,run_519a165818e2cadce24bc873:signals.parquet:row=782,run_519a165818e2cadce24bc873:signals.parquet:row=2972
late,ETHUSDT,temporal_grid_6/14,2026-02-04T00:01:00.002000000Z,2026-02-04T00:00:00.002000000Z,"[2026-02-04T00:00:00.000000000Z,2026-02-04T00:01:00.000000000Z)",2026-02-04T00:01:00.000000000Z,"[2026-02-04T00:00:00.000000000Z,2026-02-04T00:01:00.000000000Z)",2026-02-04T00:01:00.000000000Z,data/minutes/2025_2026/raw/spot/klines/ETHUSDT/ETHUSDT-1m-2026-02.zip,4321,us,data/minutes/2025_2026/raw/futures/klines/ETHUSDT/ETHUSDT-1m-2026-02.zip,4322,ms,2230.00000000,2228.40,-0.000717488789237668161434977578475336322869955156950672645740,-0.0007174887892376681614349776,-0.0007174887892376681614349776,negative,-2.1524663677130044843049327354260E-29,-2.1524663677130044843049327354260E-29,verified,run_519a165818e2cadce24bc873:signals.parquet:row=938,run_519a165818e2cadce24bc873:signals.parquet:row=3128
late,ETHUSDT,temporal_grid_7/14,2026-03-02T08:01:00.007000000Z,2026-03-02T08:00:00.007000000Z,"[2026-03-02T08:00:00.000000000Z,2026-03-02T08:01:00.000000000Z)",2026-03-02T08:01:00.000000000Z,"[2026-03-02T08:00:00.000000000Z,2026-03-02T08:01:00.000000000Z)",2026-03-02T08:01:00.000000000Z,data/minutes/2025_2026/raw/spot/klines/ETHUSDT/ETHUSDT-1m-2026-03.zip,1921,us,data/minutes/2025_2026/raw/futures/klines/ETHUSDT/ETHUSDT-1m-2026-03.zip,1922,ms,1938.72000000,1937.32,-0.000722125938763720392836510687463893703061813980358174465627,-0.0007221259387637203928365107,-0.0007221259387637203928365107,negative,-1.2536106296938186019641825534373E-29,-1.2536106296938186019641825534373E-29,verified,run_519a165818e2cadce24bc873:signals.parquet:row=1096,run_519a165818e2cadce24bc873:signals.parquet:row=3286
late,ETHUSDT,temporal_grid_8/14,2026-03-28T08:01:00.005000000Z,2026-03-28T08:00:00.005000000Z,"[2026-03-28T08:00:00.000000000Z,2026-03-28T08:01:00.000000000Z)",2026-03-28T08:01:00.000000000Z,"[2026-03-28T08:00:00.000000000Z,2026-03-28T08:01:00.000000000Z)",2026-03-28T08:01:00.000000000Z,data/minutes/2025_2026/raw/spot/klines/ETHUSDT/ETHUSDT-1m-2026-03.zip,39361,us,data/minutes/2025_2026/raw/futures/klines/ETHUSDT/ETHUSDT-1m-2026-03.zip,39362,ms,2006.15000000,2004.96,-0.000593175983849662288462976347730728011365052463674201829375,-0.0005931759838496622884629763,-0.0005931759838496622884629763,negative,4.7730728011365052463674201829375E-29,4.7730728011365052463674201829375E-29,verified,run_519a165818e2cadce24bc873:signals.parquet:row=1252,run_519a165818e2cadce24bc873:signals.parquet:row=3442
late,ETHUSDT,temporal_grid_9/14,2026-04-23T08:01:00.000000000Z,2026-04-23T08:00:00.000000000Z,"[2026-04-23T08:00:00.000000000Z,2026-04-23T08:01:00.000000000Z)",2026-04-23T08:01:00.000000000Z,"[2026-04-23T08:00:00.000000000Z,2026-04-23T08:01:00.000000000Z)",2026-04-23T08:01:00.000000000Z,data/minutes/2025_2026/raw/spot/klines/ETHUSDT/ETHUSDT-1m-2026-04.zip,32161,us,data/minutes/2025_2026/raw/futures/klines/ETHUSDT/ETHUSDT-1m-2026-04.zip,32162,ms,2344.23000000,2342.89,-0.000571616266321990589660570848423576184930659534260716738545,-0.0005716162663219905896605708,-0.0005716162663219905896605708,negative,4.8423576184930659534260716738545E-29,4.8423576184930659534260716738545E-29,verified,run_519a165818e2cadce24bc873:signals.parquet:row=1408,run_519a165818e2cadce24bc873:signals.parquet:row=3598
late,ETHUSDT,temporal_grid_10/14,2026-05-19T08:01:00.001000000Z,2026-05-19T08:00:00.001000000Z,"[2026-05-19T08:00:00.000000000Z,2026-05-19T08:01:00.000000000Z)",2026-05-19T08:01:00.000000000Z,"[2026-05-19T08:00:00.000000000Z,2026-05-19T08:01:00.000000000Z)",2026-05-19T08:01:00.000000000Z,data/minutes/2025_2026/raw/spot/klines/ETHUSDT/ETHUSDT-1m-2026-05.zip,26401,us,data/minutes/2025_2026/raw/futures/klines/ETHUSDT/ETHUSDT-1m-2026-05.zip,26402,ms,2140.40000000,2139.33,-0.000499906559521584750513922631283872173425527938703046159596,-0.0004999065595215847505139226,-0.0004999065595215847505139226,negative,3.1283872173425527938703046159596E-29,3.1283872173425527938703046159596E-29,verified,run_519a165818e2cadce24bc873:signals.parquet:row=1564,run_519a165818e2cadce24bc873:signals.parquet:row=3754
late,ETHUSDT,temporal_grid_11/14,2026-06-14T08:01:00.009000000Z,2026-06-14T08:00:00.009000000Z,"[2026-06-14T08:00:00.000000000Z,2026-06-14T08:01:00.000000000Z)",2026-06-14T08:01:00.000000000Z,"[2026-06-14T08:00:00.000000000Z,2026-06-14T08:01:00.000000000Z)",2026-06-14T08:01:00.000000000Z,data/minutes/2025_2026/raw/spot/klines/ETHUSDT/ETHUSDT-1m-2026-06.zip,19201,us,data/minutes/2025_2026/raw/futures/klines/ETHUSDT/ETHUSDT-1m-2026-06.zip,19202,ms,1675.43000000,1674.54,-0.000531206914045946413756468488686486454223691828366449210054,-0.0005312069140459464137564685,-0.0005312069140459464137564685,negative,-1.1313513545776308171633550789946E-29,-1.1313513545776308171633550789946E-29,verified,run_519a165818e2cadce24bc873:signals.parquet:row=1720,run_519a165818e2cadce24bc873:signals.parquet:row=3910
late,ETHUSDT,temporal_grid_12/14,2026-07-10T08:01:00.005000000Z,2026-07-10T08:00:00.005000000Z,"[2026-07-10T08:00:00.000000000Z,2026-07-10T08:01:00.000000000Z)",2026-07-10T08:01:00.000000000Z,"[2026-07-10T08:00:00.000000000Z,2026-07-10T08:01:00.000000000Z)",2026-07-10T08:01:00.000000000Z,data/minutes/2025_2026/raw/spot/klines/ETHUSDT/ETHUSDT-1m-2026-07.zip,13441,us,data/minutes/2025_2026/raw/futures/klines/ETHUSDT/ETHUSDT-1m-2026-07.zip,13442,ms,1772.94000000,1772.00,-0.000530192787121955621735648132480512594898868546030886550024,-0.0005301927871219556217356481,-0.0005301927871219556217356481,negative,3.2480512594898868546030886550024E-29,3.2480512594898868546030886550024E-29,verified,run_519a165818e2cadce24bc873:signals.parquet:row=1876,run_519a165818e2cadce24bc873:signals.parquet:row=4066
late,ETHUSDT,temporal_grid_13/14,2026-08-05T08:01:00.004000000Z,2026-08-05T08:00:00.004000000Z,"[2026-08-05T08:00:00.000000000Z,2026-08-05T08:01:00.000000000Z)",2026-08-05T08:01:00.000000000Z,"[2026-08-05T08:00:00.000000000Z,2026-08-05T08:01:00.000000000Z)",2026-08-05T08:01:00.000000000Z,data/minutes/2025_2026/raw/spot/klines/ETHUSDT/ETHUSDT-1m-2026-08.zip,6241,us,data/minutes/2025_2026/raw/futures/klines/ETHUSDT/ETHUSDT-1m-2026-08.zip,6242,ms,1873.31000000,1872.68,-0.000336303121213253545862670887359806972684713154790184219376,-0.0003363031212132535458626709,-0.0003363031212132535458626709,negative,-1.2640193027315286845209815780624E-29,-1.2640193027315286845209815780624E-29,verified,run_519a165818e2cadce24bc873:signals.parquet:row=2032,run_519a165818e2cadce24bc873:signals.parquet:row=4222
late,ETHUSDT,nearest_zero,2026-08-20T08:01:00.000000000Z,2026-08-20T08:00:00.000000000Z,"[2026-08-20T08:00:00.000000000Z,2026-08-20T08:01:00.000000000Z)",2026-08-20T08:01:00.000000000Z,"[2026-08-20T08:00:00.000000000Z,2026-08-20T08:01:00.000000000Z)",2026-08-20T08:01:00.000000000Z,data/minutes/2025_2026/raw/spot/klines/ETHUSDT/ETHUSDT-1m-2026-08.zip,27841,us,data/minutes/2025_2026/raw/futures/klines/ETHUSDT/ETHUSDT-1m-2026-08.zip,27842,ms,2251.20000000,2250.92,-0.000124378109452736318407960199004975124378109452736318407960,-0.0001243781094527363184079602,-0.0001243781094527363184079602,negative,-9.95024875621890547263681592040E-31,-9.95024875621890547263681592040E-31,verified,run_519a165818e2cadce24bc873:signals.parquet:row=2122,run_519a165818e2cadce24bc873:signals.parquet:row=4312
late,ETHUSDT,nearest_zero,2026-08-21T08:01:00.000000000Z,2026-08-21T08:00:00.000000000Z,"[2026-08-21T08:00:00.000000000Z,2026-08-21T08:01:00.000000000Z)",2026-08-21T08:01:00.000000000Z,"[2026-08-21T08:00:00.000000000Z,2026-08-21T08:01:00.000000000Z)",2026-08-21T08:01:00.000000000Z,data/minutes/2025_2026/raw/spot/klines/ETHUSDT/ETHUSDT-1m-2026-08.zip,29281,us,data/minutes/2025_2026/raw/futures/klines/ETHUSDT/ETHUSDT-1m-2026-08.zip,29282,ms,2374.20000000,2374.10,-0.000042119450762362058798753264257434083059556903377979951141,-0.0000421194507623620587987533,-0.0000421194507623620587987533,negative,-3.5742565916940443096622020048859E-29,-3.5742565916940443096622020048859E-29,verified,run_519a165818e2cadce24bc873:signals.parquet:row=2128,run_519a165818e2cadce24bc873:signals.parquet:row=4318
late,ETHUSDT,maximum,2026-08-22T00:01:00.000000000Z,2026-08-22T00:00:00.000000000Z,"[2026-08-22T00:00:00.000000000Z,2026-08-22T00:01:00.000000000Z)",2026-08-22T00:01:00.000000000Z,"[2026-08-22T00:00:00.000000000Z,2026-08-22T00:01:00.000000000Z)",2026-08-22T00:01:00.000000000Z,data/minutes/2025_2026/raw/spot/klines/ETHUSDT/ETHUSDT-1m-2026-08.zip,30241,us,data/minutes/2025_2026/raw/futures/klines/ETHUSDT/ETHUSDT-1m-2026-08.zip,30242,ms,2514.05000000,2513.99,-0.000023865873789304110896760207633101966945764801813806407987,-0.0000238658737893041108967602,-0.0000238658737893041108967602,negative,7.633101966945764801813806407987E-30,7.633101966945764801813806407987E-30,verified,run_519a165818e2cadce24bc873:signals.parquet:row=2132,run_519a165818e2cadce24bc873:signals.parquet:row=4322
late,ETHUSDT,temporal_grid_14/14,2026-08-31T16:01:00.001000000Z,2026-08-31T16:00:00.001000000Z,"[2026-08-31T16:00:00.000000000Z,2026-08-31T16:01:00.000000000Z)",2026-08-31T16:01:00.000000000Z,"[2026-08-31T16:00:00.000000000Z,2026-08-31T16:01:00.000000000Z)",2026-08-31T16:01:00.000000000Z,data/minutes/2025_2026/raw/spot/klines/ETHUSDT/ETHUSDT-1m-2026-08.zip,44161,us,data/minutes/2025_2026/raw/futures/klines/ETHUSDT/ETHUSDT-1m-2026-08.zip,44162,ms,2466.10000000,2465.36,-0.000300068934755281618750253436600300068934755281618750253437,-0.0003000689347552816187502534,-0.0003000689347552816187502534,negative,3.6600300068934755281618750253437E-29,3.6600300068934755281618750253437E-29,verified,run_519a165818e2cadce24bc873:signals.parquet:row=2190,run_519a165818e2cadce24bc873:signals.parquet:row=4380
