ventana,estrategia,run_id,simbolo,tipo,medida,valor,unidad,denominador,unidad_denominador,alcance
early,conditional,run_f4151cc97937f3704d77fb14,PORTFOLIO,exposición,capital_deployed_daily_avg_usdt,842.5147340091264190500625236,USDT,,,cortes diarios persistidos
early,conditional,run_f4151cc97937f3704d77fb14,PORTFOLIO,exposición,capital_deployed_daily_max_usdt,5298.486771938165559529892693,USDT,,,cortes diarios persistidos
early,conditional,run_f4151cc97937f3704d77fb14,PORTFOLIO,exposición,covered_asset_hours,1627.850000000,horas-activo,,,suma por activo
early,conditional,run_f4151cc97937f3704d77fb14,PORTFOLIO,exposición,unhedged_asset_hours,2.15,horas-activo,,,suma por activo
early,conditional,run_f4151cc97937f3704d77fb14,PORTFOLIO,exposición,dust_asset_hours,3881.950000000,horas-activo,,,suma por activo
early,permanent,run_f4151cc97937f3704d77fb14,PORTFOLIO,exposición,capital_deployed_daily_avg_usdt,7187.874168040020271649548277,USDT,,,cortes diarios persistidos
early,permanent,run_f4151cc97937f3704d77fb14,PORTFOLIO,exposición,capital_deployed_daily_max_usdt,10536.70518614061608820136202,USDT,,,cortes diarios persistidos
early,permanent,run_f4151cc97937f3704d77fb14,PORTFOLIO,exposición,covered_asset_hours,13601.900000000,horas-activo,,,suma por activo
early,permanent,run_f4151cc97937f3704d77fb14,PORTFOLIO,exposición,unhedged_asset_hours,4.6,horas-activo,,,suma por activo
early,permanent,run_f4151cc97937f3704d77fb14,PORTFOLIO,exposición,dust_asset_hours,1065.400000000,horas-activo,,,suma por activo
late,conditional,run_519a165818e2cadce24bc873,PORTFOLIO,exposición,capital_deployed_daily_avg_usdt,0E-8,USDT,,,cortes diarios persistidos
late,conditional,run_519a165818e2cadce24bc873,PORTFOLIO,exposición,capital_deployed_daily_max_usdt,0E-8,USDT,,,cortes diarios persistidos
late,conditional,run_519a165818e2cadce24bc873,PORTFOLIO,exposición,covered_asset_hours,0,horas-activo,,,suma por activo
late,conditional,run_519a165818e2cadce24bc873,PORTFOLIO,exposición,unhedged_asset_hours,0,horas-activo,,,suma por activo
late,conditional,run_519a165818e2cadce24bc873,PORTFOLIO,exposición,dust_asset_hours,0,horas-activo,,,suma por activo
late,permanent,run_519a165818e2cadce24bc873,PORTFOLIO,exposición,capital_deployed_daily_avg_usdt,137.1055722872810958904109589,USDT,,,cortes diarios persistidos
late,permanent,run_519a165818e2cadce24bc873,PORTFOLIO,exposición,capital_deployed_daily_max_usdt,4622.2618872576000000,USDT,,,cortes diarios persistidos
late,permanent,run_519a165818e2cadce24bc873,PORTFOLIO,exposición,covered_asset_hours,255.950000000,horas-activo,,,suma por activo
late,permanent,run_519a165818e2cadce24bc873,PORTFOLIO,exposición,unhedged_asset_hours,0.0166666666666666666666666666666666666666666666666666666666667,horas-activo,,,suma por activo
late,permanent,run_519a165818e2cadce24bc873,PORTFOLIO,exposición,dust_asset_hours,0,horas-activo,,,suma por activo
early,conditional,run_f4151cc97937f3704d77fb14,BTCUSDT,diagnóstico,filter_basis_negative:reject,1044,evaluaciones,1095,evaluaciones de entrada,simultaneous_filter_states
early,conditional,run_f4151cc97937f3704d77fb14,BTCUSDT,diagnóstico,filter_funding:reject,1095,evaluaciones,1095,evaluaciones de entrada,simultaneous_filter_states
early,conditional,run_f4151cc97937f3704d77fb14,BTCUSDT,diagnóstico,ordered_reject:funding,1095,evaluaciones,1095,evaluaciones de entrada,sequential_first_rejection
early,conditional,run_f4151cc97937f3704d77fb14,BTCUSDT,diagnóstico,simultaneous_reject,1095,evaluaciones,1095,evaluaciones de entrada,simultaneous_filter_states
early,conditional,run_f4151cc97937f3704d77fb14,ETHUSDT,diagnóstico,filter_basis_negative:reject,1006,evaluaciones,1095,evaluaciones de entrada,simultaneous_filter_states
early,conditional,run_f4151cc97937f3704d77fb14,ETHUSDT,diagnóstico,filter_budget:not_evaluable,15,evaluaciones,1095,evaluaciones de entrada,simultaneous_filter_states
early,conditional,run_f4151cc97937f3704d77fb14,ETHUSDT,diagnóstico,filter_cooldown:reject,6,evaluaciones,1095,evaluaciones de entrada,simultaneous_filter_states
early,conditional,run_f4151cc97937f3704d77fb14,ETHUSDT,diagnóstico,filter_funding:reject,1087,evaluaciones,1095,evaluaciones de entrada,simultaneous_filter_states
early,conditional,run_f4151cc97937f3704d77fb14,ETHUSDT,diagnóstico,filter_sizing:reject,15,evaluaciones,1095,evaluaciones de entrada,simultaneous_filter_states
early,conditional,run_f4151cc97937f3704d77fb14,ETHUSDT,diagnóstico,filter_state_active:reject,203,evaluaciones,1095,evaluaciones de entrada,simultaneous_filter_states
early,conditional,run_f4151cc97937f3704d77fb14,ETHUSDT,diagnóstico,ordered_reject:cooldown,6,evaluaciones,1095,evaluaciones de entrada,sequential_first_rejection
early,conditional,run_f4151cc97937f3704d77fb14,ETHUSDT,diagnóstico,ordered_reject:funding,884,evaluaciones,1095,evaluaciones de entrada,sequential_first_rejection
early,conditional,run_f4151cc97937f3704d77fb14,ETHUSDT,diagnóstico,ordered_reject:state_active,203,evaluaciones,1095,evaluaciones de entrada,sequential_first_rejection
early,conditional,run_f4151cc97937f3704d77fb14,ETHUSDT,diagnóstico,simultaneous_reject,1093,evaluaciones,1095,evaluaciones de entrada,simultaneous_filter_states
early,permanent,run_f4151cc97937f3704d77fb14,BTCUSDT,diagnóstico,filter_basis_negative:reject,1044,evaluaciones,1095,evaluaciones de entrada,simultaneous_filter_states
early,permanent,run_f4151cc97937f3704d77fb14,BTCUSDT,diagnóstico,filter_budget:not_evaluable,288,evaluaciones,1095,evaluaciones de entrada,simultaneous_filter_states
early,permanent,run_f4151cc97937f3704d77fb14,BTCUSDT,diagnóstico,filter_budget:reject,16,evaluaciones,1095,evaluaciones de entrada,simultaneous_filter_states
early,permanent,run_f4151cc97937f3704d77fb14,BTCUSDT,diagnóstico,filter_cooldown:reject,6,evaluaciones,1095,evaluaciones de entrada,simultaneous_filter_states
early,permanent,run_f4151cc97937f3704d77fb14,BTCUSDT,diagnóstico,filter_funding:diagnostic_fail_not_applied,1095,evaluaciones,1095,evaluaciones de entrada,theoretical_not_applied
early,permanent,run_f4151cc97937f3704d77fb14,BTCUSDT,diagnóstico,filter_sizing:reject,288,evaluaciones,1095,evaluaciones de entrada,simultaneous_filter_states
early,permanent,run_f4151cc97937f3704d77fb14,BTCUSDT,diagnóstico,filter_state_active:reject,713,evaluaciones,1095,evaluaciones de entrada,simultaneous_filter_states
early,permanent,run_f4151cc97937f3704d77fb14,BTCUSDT,diagnóstico,ordered_reject:basis_negative,373,evaluaciones,1095,evaluaciones de entrada,sequential_first_rejection
early,permanent,run_f4151cc97937f3704d77fb14,BTCUSDT,diagnóstico,ordered_reject:cooldown,6,evaluaciones,1095,evaluaciones de entrada,sequential_first_rejection
early,permanent,run_f4151cc97937f3704d77fb14,BTCUSDT,diagnóstico,ordered_reject:state_active,713,evaluaciones,1095,evaluaciones de entrada,sequential_first_rejection
early,permanent,run_f4151cc97937f3704d77fb14,BTCUSDT,diagnóstico,simultaneous_reject,1092,evaluaciones,1095,evaluaciones de entrada,simultaneous_filter_states
early,permanent,run_f4151cc97937f3704d77fb14,ETHUSDT,diagnóstico,filter_basis_negative:reject,1006,evaluaciones,1095,evaluaciones de entrada,simultaneous_filter_states
early,permanent,run_f4151cc97937f3704d77fb14,ETHUSDT,diagnóstico,filter_budget:not_evaluable,51,evaluaciones,1095,evaluaciones de entrada,simultaneous_filter_states
early,permanent,run_f4151cc97937f3704d77fb14,ETHUSDT,diagnóstico,filter_budget:reject,184,evaluaciones,1095,evaluaciones de entrada,simultaneous_filter_states
early,permanent,run_f4151cc97937f3704d77fb14,ETHUSDT,diagnóstico,filter_cooldown:reject,6,evaluaciones,1095,evaluaciones de entrada,simultaneous_filter_states
early,permanent,run_f4151cc97937f3704d77fb14,ETHUSDT,diagnóstico,filter_funding:diagnostic_fail_not_applied,1087,evaluaciones,1095,evaluaciones de entrada,theoretical_not_applied
early,permanent,run_f4151cc97937f3704d77fb14,ETHUSDT,diagnóstico,filter_sizing:reject,51,evaluaciones,1095,evaluaciones de entrada,simultaneous_filter_states
early,permanent,run_f4151cc97937f3704d77fb14,ETHUSDT,diagnóstico,filter_state_active:reject,984,evaluaciones,1095,evaluaciones de entrada,simultaneous_filter_states
early,permanent,run_f4151cc97937f3704d77fb14,ETHUSDT,diagnóstico,ordered_reject:basis_negative,102,evaluaciones,1095,evaluaciones de entrada,sequential_first_rejection
early,permanent,run_f4151cc97937f3704d77fb14,ETHUSDT,diagnóstico,ordered_reject:cooldown,6,evaluaciones,1095,evaluaciones de entrada,sequential_first_rejection
early,permanent,run_f4151cc97937f3704d77fb14,ETHUSDT,diagnóstico,ordered_reject:state_active,984,evaluaciones,1095,evaluaciones de entrada,sequential_first_rejection
early,permanent,run_f4151cc97937f3704d77fb14,ETHUSDT,diagnóstico,simultaneous_reject,1092,evaluaciones,1095,evaluaciones de entrada,simultaneous_filter_states
late,conditional,run_519a165818e2cadce24bc873,BTCUSDT,diagnóstico,filter_basis_negative:reject,1090,evaluaciones,1095,evaluaciones de entrada,simultaneous_filter_states
late,conditional,run_519a165818e2cadce24bc873,BTCUSDT,diagnóstico,filter_funding:reject,1095,evaluaciones,1095,evaluaciones de entrada,simultaneous_filter_states
late,conditional,run_519a165818e2cadce24bc873,BTCUSDT,diagnóstico,ordered_reject:funding,1095,evaluaciones,1095,evaluaciones de entrada,sequential_first_rejection
late,conditional,run_519a165818e2cadce24bc873,BTCUSDT,diagnóstico,simultaneous_reject,1095,evaluaciones,1095,evaluaciones de entrada,simultaneous_filter_states
late,conditional,run_519a165818e2cadce24bc873,ETHUSDT,diagnóstico,filter_basis_negative:reject,1095,evaluaciones,1095,evaluaciones de entrada,simultaneous_filter_states
late,conditional,run_519a165818e2cadce24bc873,ETHUSDT,diagnóstico,filter_funding:reject,1095,evaluaciones,1095,evaluaciones de entrada,simultaneous_filter_states
late,conditional,run_519a165818e2cadce24bc873,ETHUSDT,diagnóstico,ordered_reject:funding,1095,evaluaciones,1095,evaluaciones de entrada,sequential_first_rejection
late,conditional,run_519a165818e2cadce24bc873,ETHUSDT,diagnóstico,simultaneous_reject,1095,evaluaciones,1095,evaluaciones de entrada,simultaneous_filter_states
late,permanent,run_519a165818e2cadce24bc873,BTCUSDT,diagnóstico,filter_basis_negative:reject,1090,evaluaciones,1095,evaluaciones de entrada,simultaneous_filter_states
late,permanent,run_519a165818e2cadce24bc873,BTCUSDT,diagnóstico,filter_budget:not_evaluable,1,evaluaciones,1095,evaluaciones de entrada,simultaneous_filter_states
late,permanent,run_519a165818e2cadce24bc873,BTCUSDT,diagnóstico,filter_funding:diagnostic_fail_not_applied,1095,evaluaciones,1095,evaluaciones de entrada,theoretical_not_applied
late,permanent,run_519a165818e2cadce24bc873,BTCUSDT,diagnóstico,filter_sizing:reject,1,evaluaciones,1095,evaluaciones de entrada,simultaneous_filter_states
late,permanent,run_519a165818e2cadce24bc873,BTCUSDT,diagnóstico,filter_state_active:reject,31,evaluaciones,1095,evaluaciones de entrada,simultaneous_filter_states
late,permanent,run_519a165818e2cadce24bc873,BTCUSDT,diagnóstico,ordered_reject:basis_negative,1063,evaluaciones,1095,evaluaciones de entrada,sequential_first_rejection
late,permanent,run_519a165818e2cadce24bc873,BTCUSDT,diagnóstico,ordered_reject:state_active,31,evaluaciones,1095,evaluaciones de entrada,sequential_first_rejection
late,permanent,run_519a165818e2cadce24bc873,BTCUSDT,diagnóstico,simultaneous_reject,1094,evaluaciones,1095,evaluaciones de entrada,simultaneous_filter_states
late,permanent,run_519a165818e2cadce24bc873,ETHUSDT,diagnóstico,filter_basis_negative:reject,1095,evaluaciones,1095,evaluaciones de entrada,simultaneous_filter_states
late,permanent,run_519a165818e2cadce24bc873,ETHUSDT,diagnóstico,filter_funding:diagnostic_fail_not_applied,1095,evaluaciones,1095,evaluaciones de entrada,theoretical_not_applied
late,permanent,run_519a165818e2cadce24bc873,ETHUSDT,diagnóstico,ordered_reject:basis_negative,1095,evaluaciones,1095,evaluaciones de entrada,sequential_first_rejection
late,permanent,run_519a165818e2cadce24bc873,ETHUSDT,diagnóstico,simultaneous_reject,1095,evaluaciones,1095,evaluaciones de entrada,simultaneous_filter_states
