amount_usdt,average,collateral,collateral_change,data_kind,debt,event_id,fee,free_futures,free_spot,funding,funding_filter_enabled,kind,pnl,run_id,scenario,short,spot,strategy,symbol,time_ns,timestamp_utc,units,window
0.3012422820000000000,1537.222472661114940908969725,1276.802732253271173728202623,0,historical_assumptions,0E-26,funding:ETHUSDT:1679616000013000000,0,361.2610275534839592976771341,5853.992628821831855848021529,0.3012422820000000000,True,funding,0,run_8e60a7bd388ef9b8d7edb5d4,alignment_only,1.661,1.6616620,conditional,ETHUSDT,1679616000013000000,2023-03-24T00:00:00.013000000Z,"{""amount_usdt"":""USDT"",""average"":""USDT per base asset unit"",""collateral"":""USDT"",""collateral_change"":""USDT"",""data_kind"":""identifier, label or count as column indicates"",""debt"":""USDT"",""event_id"":""identifier, label or count as column indicates"",""fee"":""USDT"",""free_futures"":""USDT"",""free_spot"":""USDT"",""funding"":""USDT"",""funding_filter_enabled"":""boolean"",""kind"":""identifier, label or count as column indicates"",""pnl"":""USDT"",""run_id"":""identifier, label or count as column indicates"",""short"":""base asset units"",""spot"":""base asset units"",""strategy"":""identifier, label or count as column indicates"",""symbol"":""identifier, label or count as column indicates"",""time_ns"":""UTC nanoseconds when numeric; otherwise ISO 8601 UTC"",""timestamp_utc"":""ISO 8601 UTC""}",early
0.3014681780000000000,1537.222472661114940908969725,1276.802732253271173728202623,0,historical_assumptions,0E-26,funding:ETHUSDT:1679644800012000000,0,361.5624957314839592976771341,5853.992628821831855848021529,0.3014681780000000000,True,funding,0,run_8e60a7bd388ef9b8d7edb5d4,alignment_only,1.661,1.6616620,conditional,ETHUSDT,1679644800012000000,2023-03-24T08:00:00.012000000Z,"{""amount_usdt"":""USDT"",""average"":""USDT per base asset unit"",""collateral"":""USDT"",""collateral_change"":""USDT"",""data_kind"":""identifier, label or count as column indicates"",""debt"":""USDT"",""event_id"":""identifier, label or count as column indicates"",""fee"":""USDT"",""free_futures"":""USDT"",""free_spot"":""USDT"",""funding"":""USDT"",""funding_filter_enabled"":""boolean"",""kind"":""identifier, label or count as column indicates"",""pnl"":""USDT"",""run_id"":""identifier, label or count as column indicates"",""short"":""base asset units"",""spot"":""base asset units"",""strategy"":""identifier, label or count as column indicates"",""symbol"":""identifier, label or count as column indicates"",""time_ns"":""UTC nanoseconds when numeric; otherwise ISO 8601 UTC"",""timestamp_utc"":""ISO 8601 UTC""}",early
0.3088594860000000000,1528.730669694096511801986127,1301.778693736264916412994661,0,historical_assumptions,0E-27,funding:ETHUSDT:1679616000013000000,0,1376.981045304982815977463960,4798.461049980750678271059004,0.3088594860000000000,False,funding,0,run_8e60a7bd388ef9b8d7edb5d4,alignment_only,1.703,1.7036260,permanent,ETHUSDT,1679616000013000000,2023-03-24T00:00:00.013000000Z,"{""amount_usdt"":""USDT"",""average"":""USDT per base asset unit"",""collateral"":""USDT"",""collateral_change"":""USDT"",""data_kind"":""identifier, label or count as column indicates"",""debt"":""USDT"",""event_id"":""identifier, label or count as column indicates"",""fee"":""USDT"",""free_futures"":""USDT"",""free_spot"":""USDT"",""funding"":""USDT"",""funding_filter_enabled"":""boolean"",""kind"":""identifier, label or count as column indicates"",""pnl"":""USDT"",""run_id"":""identifier, label or count as column indicates"",""short"":""base asset units"",""spot"":""base asset units"",""strategy"":""identifier, label or count as column indicates"",""symbol"":""identifier, label or count as column indicates"",""time_ns"":""UTC nanoseconds when numeric; otherwise ISO 8601 UTC"",""timestamp_utc"":""ISO 8601 UTC""}",early
0.3090910940000000000,1528.730669694096511801986127,1301.778693736264916412994661,0,historical_assumptions,0E-27,funding:ETHUSDT:1679644800012000000,0,1377.290136398982815977463960,4798.461049980750678271059004,0.3090910940000000000,False,funding,0,run_8e60a7bd388ef9b8d7edb5d4,alignment_only,1.703,1.7036260,permanent,ETHUSDT,1679644800012000000,2023-03-24T08:00:00.012000000Z,"{""amount_usdt"":""USDT"",""average"":""USDT per base asset unit"",""collateral"":""USDT"",""collateral_change"":""USDT"",""data_kind"":""identifier, label or count as column indicates"",""debt"":""USDT"",""event_id"":""identifier, label or count as column indicates"",""fee"":""USDT"",""free_futures"":""USDT"",""free_spot"":""USDT"",""funding"":""USDT"",""funding_filter_enabled"":""boolean"",""kind"":""identifier, label or count as column indicates"",""pnl"":""USDT"",""run_id"":""identifier, label or count as column indicates"",""short"":""base asset units"",""spot"":""base asset units"",""strategy"":""identifier, label or count as column indicates"",""symbol"":""identifier, label or count as column indicates"",""time_ns"":""UTC nanoseconds when numeric; otherwise ISO 8601 UTC"",""timestamp_utc"":""ISO 8601 UTC""}",early
0.3012422820000000000,1537.300781729779577083782406,1276.867723570369341785156325,0,historical_assumptions,0E-26,funding:ETHUSDT:1679616000013000000,0,361.2792219920454572787027039,5854.900725466701599764778394,0.3012422820000000000,True,funding,0,run_705a1462342ca73175ba77ec,joint_sizing_only,1.661,1.6610595,conditional,ETHUSDT,1679616000013000000,2023-03-24T00:00:00.013000000Z,"{""amount_usdt"":""USDT"",""average"":""USDT per base asset unit"",""collateral"":""USDT"",""collateral_change"":""USDT"",""data_kind"":""identifier, label or count as column indicates"",""debt"":""USDT"",""event_id"":""identifier, label or count as column indicates"",""fee"":""USDT"",""free_futures"":""USDT"",""free_spot"":""USDT"",""funding"":""USDT"",""funding_filter_enabled"":""boolean"",""kind"":""identifier, label or count as column indicates"",""pnl"":""USDT"",""run_id"":""identifier, label or count as column indicates"",""short"":""base asset units"",""spot"":""base asset units"",""strategy"":""identifier, label or count as column indicates"",""symbol"":""identifier, label or count as column indicates"",""time_ns"":""UTC nanoseconds when numeric; otherwise ISO 8601 UTC"",""timestamp_utc"":""ISO 8601 UTC""}",early
0.3014681780000000000,1537.300781729779577083782406,1276.867723570369341785156325,0,historical_assumptions,0E-26,funding:ETHUSDT:1679644800012000000,0,361.5806901700454572787027039,5854.900725466701599764778394,0.3014681780000000000,True,funding,0,run_705a1462342ca73175ba77ec,joint_sizing_only,1.661,1.6610595,conditional,ETHUSDT,1679644800012000000,2023-03-24T08:00:00.012000000Z,"{""amount_usdt"":""USDT"",""average"":""USDT per base asset unit"",""collateral"":""USDT"",""collateral_change"":""USDT"",""data_kind"":""identifier, label or count as column indicates"",""debt"":""USDT"",""event_id"":""identifier, label or count as column indicates"",""fee"":""USDT"",""free_futures"":""USDT"",""free_spot"":""USDT"",""funding"":""USDT"",""funding_filter_enabled"":""boolean"",""kind"":""identifier, label or count as column indicates"",""pnl"":""USDT"",""run_id"":""identifier, label or count as column indicates"",""short"":""base asset units"",""spot"":""base asset units"",""strategy"":""identifier, label or count as column indicates"",""symbol"":""identifier, label or count as column indicates"",""time_ns"":""UTC nanoseconds when numeric; otherwise ISO 8601 UTC"",""timestamp_utc"":""ISO 8601 UTC""}",early
0.3083141300000000000,23030.97271158019333201814954,1255.490776088703346320773328,0,historical_assumptions,0E-27,funding:BTCUSDT:1679616000013000000,0,555.1775336643929100554516965,1868.537128862235676807240420,0.3083141300000000000,False,funding,0,run_705a1462342ca73175ba77ec,joint_sizing_only,0.109,0.10900765,permanent,BTCUSDT,1679616000013000000,2023-03-24T00:00:00.013000000Z,"{""amount_usdt"":""USDT"",""average"":""USDT per base asset unit"",""collateral"":""USDT"",""collateral_change"":""USDT"",""data_kind"":""identifier, label or count as column indicates"",""debt"":""USDT"",""event_id"":""identifier, label or count as column indicates"",""fee"":""USDT"",""free_futures"":""USDT"",""free_spot"":""USDT"",""funding"":""USDT"",""funding_filter_enabled"":""boolean"",""kind"":""identifier, label or count as column indicates"",""pnl"":""USDT"",""run_id"":""identifier, label or count as column indicates"",""short"":""base asset units"",""spot"":""base asset units"",""strategy"":""identifier, label or count as column indicates"",""symbol"":""identifier, label or count as column indicates"",""time_ns"":""UTC nanoseconds when numeric; otherwise ISO 8601 UTC"",""timestamp_utc"":""ISO 8601 UTC""}",early
0.3094035720000000000,1528.662600610704219833929590,1304.013473533372755324072373,0,historical_assumptions,0E-27,funding:ETHUSDT:1679616000013000000,0,555.4869372363929100554516965,1868.537128862235676807240420,0.3094035720000000000,False,funding,0,run_705a1462342ca73175ba77ec,joint_sizing_only,1.706,1.7060394,permanent,ETHUSDT,1679616000013000000,2023-03-24T00:00:00.013000000Z,"{""amount_usdt"":""USDT"",""average"":""USDT per base asset unit"",""collateral"":""USDT"",""collateral_change"":""USDT"",""data_kind"":""identifier, label or count as column indicates"",""debt"":""USDT"",""event_id"":""identifier, label or count as column indicates"",""fee"":""USDT"",""free_futures"":""USDT"",""free_spot"":""USDT"",""funding"":""USDT"",""funding_filter_enabled"":""boolean"",""kind"":""identifier, label or count as column indicates"",""pnl"":""USDT"",""run_id"":""identifier, label or count as column indicates"",""short"":""base asset units"",""spot"":""base asset units"",""strategy"":""identifier, label or count as column indicates"",""symbol"":""identifier, label or count as column indicates"",""time_ns"":""UTC nanoseconds when numeric; otherwise ISO 8601 UTC"",""timestamp_utc"":""ISO 8601 UTC""}",early
0.3081419100000000000,23030.97271158019333201814954,1255.490776088703346320773328,0,historical_assumptions,0E-27,funding:BTCUSDT:1679644800012000000,0,555.7950791463929100554516965,1868.537128862235676807240420,0.3081419100000000000,False,funding,0,run_705a1462342ca73175ba77ec,joint_sizing_only,0.109,0.10900765,permanent,BTCUSDT,1679644800012000000,2023-03-24T08:00:00.012000000Z,"{""amount_usdt"":""USDT"",""average"":""USDT per base asset unit"",""collateral"":""USDT"",""collateral_change"":""USDT"",""data_kind"":""identifier, label or count as column indicates"",""debt"":""USDT"",""event_id"":""identifier, label or count as column indicates"",""fee"":""USDT"",""free_futures"":""USDT"",""free_spot"":""USDT"",""funding"":""USDT"",""funding_filter_enabled"":""boolean"",""kind"":""identifier, label or count as column indicates"",""pnl"":""USDT"",""run_id"":""identifier, label or count as column indicates"",""short"":""base asset units"",""spot"":""base asset units"",""strategy"":""identifier, label or count as column indicates"",""symbol"":""identifier, label or count as column indicates"",""time_ns"":""UTC nanoseconds when numeric; otherwise ISO 8601 UTC"",""timestamp_utc"":""ISO 8601 UTC""}",early
0.3096355880000000000,1528.662600610704219833929590,1304.013473533372755324072373,0,historical_assumptions,0E-27,funding:ETHUSDT:1679644800012000000,0,556.1047147343929100554516965,1868.537128862235676807240420,0.3096355880000000000,False,funding,0,run_705a1462342ca73175ba77ec,joint_sizing_only,1.706,1.7060394,permanent,ETHUSDT,1679644800012000000,2023-03-24T08:00:00.012000000Z,"{""amount_usdt"":""USDT"",""average"":""USDT per base asset unit"",""collateral"":""USDT"",""collateral_change"":""USDT"",""data_kind"":""identifier, label or count as column indicates"",""debt"":""USDT"",""event_id"":""identifier, label or count as column indicates"",""fee"":""USDT"",""free_futures"":""USDT"",""free_spot"":""USDT"",""funding"":""USDT"",""funding_filter_enabled"":""boolean"",""kind"":""identifier, label or count as column indicates"",""pnl"":""USDT"",""run_id"":""identifier, label or count as column indicates"",""short"":""base asset units"",""spot"":""base asset units"",""strategy"":""identifier, label or count as column indicates"",""symbol"":""identifier, label or count as column indicates"",""time_ns"":""UTC nanoseconds when numeric; otherwise ISO 8601 UTC"",""timestamp_utc"":""ISO 8601 UTC""}",early
0.3012422820000000000,1537.222472661114940908969725,1276.802732253271173728202623,0,historical_assumptions,0E-26,funding:ETHUSDT:1679616000013000000,0,361.2610275534839592976771341,5853.992628821831855848021529,0.3012422820000000000,True,funding,0,run_8fb22fa8b377466cff981b99,legacy_reference,1.661,1.6616620,conditional,ETHUSDT,1679616000013000000,2023-03-24T00:00:00.013000000Z,"{""amount_usdt"":""USDT"",""average"":""USDT per base asset unit"",""collateral"":""USDT"",""collateral_change"":""USDT"",""data_kind"":""identifier, label or count as column indicates"",""debt"":""USDT"",""event_id"":""identifier, label or count as column indicates"",""fee"":""USDT"",""free_futures"":""USDT"",""free_spot"":""USDT"",""funding"":""USDT"",""funding_filter_enabled"":""boolean"",""kind"":""identifier, label or count as column indicates"",""pnl"":""USDT"",""run_id"":""identifier, label or count as column indicates"",""short"":""base asset units"",""spot"":""base asset units"",""strategy"":""identifier, label or count as column indicates"",""symbol"":""identifier, label or count as column indicates"",""time_ns"":""UTC nanoseconds when numeric; otherwise ISO 8601 UTC"",""timestamp_utc"":""ISO 8601 UTC""}",early
0.3014681780000000000,1537.222472661114940908969725,1276.802732253271173728202623,0,historical_assumptions,0E-26,funding:ETHUSDT:1679644800012000000,0,361.5624957314839592976771341,5853.992628821831855848021529,0.3014681780000000000,True,funding,0,run_8fb22fa8b377466cff981b99,legacy_reference,1.661,1.6616620,conditional,ETHUSDT,1679644800012000000,2023-03-24T08:00:00.012000000Z,"{""amount_usdt"":""USDT"",""average"":""USDT per base asset unit"",""collateral"":""USDT"",""collateral_change"":""USDT"",""data_kind"":""identifier, label or count as column indicates"",""debt"":""USDT"",""event_id"":""identifier, label or count as column indicates"",""fee"":""USDT"",""free_futures"":""USDT"",""free_spot"":""USDT"",""funding"":""USDT"",""funding_filter_enabled"":""boolean"",""kind"":""identifier, label or count as column indicates"",""pnl"":""USDT"",""run_id"":""identifier, label or count as column indicates"",""short"":""base asset units"",""spot"":""base asset units"",""strategy"":""identifier, label or count as column indicates"",""symbol"":""identifier, label or count as column indicates"",""time_ns"":""UTC nanoseconds when numeric; otherwise ISO 8601 UTC"",""timestamp_utc"":""ISO 8601 UTC""}",early
0.3088594860000000000,1528.727307327672504151405589,1301.537154407510083397797714,0,historical_assumptions,0E-27,funding:ETHUSDT:1679616000013000000,0,1710.454951275303660116518841,4468.747101590620090342739725,0.3088594860000000000,False,funding,0,run_8fb22fa8b377466cff981b99,legacy_reference,1.703,1.7036289,permanent,ETHUSDT,1679616000013000000,2023-03-24T00:00:00.013000000Z,"{""amount_usdt"":""USDT"",""average"":""USDT per base asset unit"",""collateral"":""USDT"",""collateral_change"":""USDT"",""data_kind"":""identifier, label or count as column indicates"",""debt"":""USDT"",""event_id"":""identifier, label or count as column indicates"",""fee"":""USDT"",""free_futures"":""USDT"",""free_spot"":""USDT"",""funding"":""USDT"",""funding_filter_enabled"":""boolean"",""kind"":""identifier, label or count as column indicates"",""pnl"":""USDT"",""run_id"":""identifier, label or count as column indicates"",""short"":""base asset units"",""spot"":""base asset units"",""strategy"":""identifier, label or count as column indicates"",""symbol"":""identifier, label or count as column indicates"",""time_ns"":""UTC nanoseconds when numeric; otherwise ISO 8601 UTC"",""timestamp_utc"":""ISO 8601 UTC""}",early
0.3090910940000000000,1528.727307327672504151405589,1301.537154407510083397797714,0,historical_assumptions,0E-27,funding:ETHUSDT:1679644800012000000,0,1710.764042369303660116518841,4468.747101590620090342739725,0.3090910940000000000,False,funding,0,run_8fb22fa8b377466cff981b99,legacy_reference,1.703,1.7036289,permanent,ETHUSDT,1679644800012000000,2023-03-24T08:00:00.012000000Z,"{""amount_usdt"":""USDT"",""average"":""USDT per base asset unit"",""collateral"":""USDT"",""collateral_change"":""USDT"",""data_kind"":""identifier, label or count as column indicates"",""debt"":""USDT"",""event_id"":""identifier, label or count as column indicates"",""fee"":""USDT"",""free_futures"":""USDT"",""free_spot"":""USDT"",""funding"":""USDT"",""funding_filter_enabled"":""boolean"",""kind"":""identifier, label or count as column indicates"",""pnl"":""USDT"",""run_id"":""identifier, label or count as column indicates"",""short"":""base asset units"",""spot"":""base asset units"",""strategy"":""identifier, label or count as column indicates"",""symbol"":""identifier, label or count as column indicates"",""time_ns"":""UTC nanoseconds when numeric; otherwise ISO 8601 UTC"",""timestamp_utc"":""ISO 8601 UTC""}",early
0.3037813500000000000,1547.962813091530805397814008,1296.672246542901457287165100,0,historical_assumptions,0E-26,funding:ETHUSDT:1679616000013000000,0,306.1184462352364108052275935,5841.700670129514937320868845,0.3037813500000000000,True,funding,0,run_f4151cc97937f3704d77fb14,vwap_joint,1.675,1.6750090,conditional,ETHUSDT,1679616000013000000,2023-03-24T00:00:00.013000000Z,"{""amount_usdt"":""USDT"",""average"":""USDT per base asset unit"",""collateral"":""USDT"",""collateral_change"":""USDT"",""data_kind"":""identifier, label or count as column indicates"",""debt"":""USDT"",""event_id"":""identifier, label or count as column indicates"",""fee"":""USDT"",""free_futures"":""USDT"",""free_spot"":""USDT"",""funding"":""USDT"",""funding_filter_enabled"":""boolean"",""kind"":""identifier, label or count as column indicates"",""pnl"":""USDT"",""run_id"":""identifier, label or count as column indicates"",""short"":""base asset units"",""spot"":""base asset units"",""strategy"":""identifier, label or count as column indicates"",""symbol"":""identifier, label or count as column indicates"",""time_ns"":""UTC nanoseconds when numeric; otherwise ISO 8601 UTC"",""timestamp_utc"":""ISO 8601 UTC""}",early
0.3040091500000000000,1547.962813091530805397814008,1296.672246542901457287165100,0,historical_assumptions,0E-26,funding:ETHUSDT:1679644800012000000,0,306.4224553852364108052275935,5841.700670129514937320868845,0.3040091500000000000,True,funding,0,run_f4151cc97937f3704d77fb14,vwap_joint,1.675,1.6750090,conditional,ETHUSDT,1679644800012000000,2023-03-24T08:00:00.012000000Z,"{""amount_usdt"":""USDT"",""average"":""USDT per base asset unit"",""collateral"":""USDT"",""collateral_change"":""USDT"",""data_kind"":""identifier, label or count as column indicates"",""debt"":""USDT"",""event_id"":""identifier, label or count as column indicates"",""fee"":""USDT"",""free_futures"":""USDT"",""free_spot"":""USDT"",""funding"":""USDT"",""funding_filter_enabled"":""boolean"",""kind"":""identifier, label or count as column indicates"",""pnl"":""USDT"",""run_id"":""identifier, label or count as column indicates"",""short"":""base asset units"",""spot"":""base asset units"",""strategy"":""identifier, label or count as column indicates"",""symbol"":""identifier, label or count as column indicates"",""time_ns"":""UTC nanoseconds when numeric; otherwise ISO 8601 UTC"",""timestamp_utc"":""ISO 8601 UTC""}",early
0.3054855600000000000,22672.22222222222222222222222,1225.906361318351607313600000,0,historical_assumptions,0E-27,funding:BTCUSDT:1679616000013000000,0,448.0481879596976291412516367,2082.581101944801958022151589,0.3054855600000000000,False,funding,0,run_f4151cc97937f3704d77fb14,vwap_joint,0.108,0.10800867,permanent,BTCUSDT,1679616000013000000,2023-03-24T00:00:00.013000000Z,"{""amount_usdt"":""USDT"",""average"":""USDT per base asset unit"",""collateral"":""USDT"",""collateral_change"":""USDT"",""data_kind"":""identifier, label or count as column indicates"",""debt"":""USDT"",""event_id"":""identifier, label or count as column indicates"",""fee"":""USDT"",""free_futures"":""USDT"",""free_spot"":""USDT"",""funding"":""USDT"",""funding_filter_enabled"":""boolean"",""kind"":""identifier, label or count as column indicates"",""pnl"":""USDT"",""run_id"":""identifier, label or count as column indicates"",""short"":""base asset units"",""spot"":""base asset units"",""strategy"":""identifier, label or count as column indicates"",""symbol"":""identifier, label or count as column indicates"",""time_ns"":""UTC nanoseconds when numeric; otherwise ISO 8601 UTC"",""timestamp_utc"":""ISO 8601 UTC""}",early
0.3104917440000000000,1528.399433754462055774174291,1308.298930768556642612910388,0,historical_assumptions,0E-27,funding:ETHUSDT:1679616000013000000,0,448.3586797036976291412516367,2082.581101944801958022151589,0.3104917440000000000,False,funding,0,run_f4151cc97937f3704d77fb14,vwap_joint,1.712,1.7120324,permanent,ETHUSDT,1679616000013000000,2023-03-24T00:00:00.013000000Z,"{""amount_usdt"":""USDT"",""average"":""USDT per base asset unit"",""collateral"":""USDT"",""collateral_change"":""USDT"",""data_kind"":""identifier, label or count as column indicates"",""debt"":""USDT"",""event_id"":""identifier, label or count as column indicates"",""fee"":""USDT"",""free_futures"":""USDT"",""free_spot"":""USDT"",""funding"":""USDT"",""funding_filter_enabled"":""boolean"",""kind"":""identifier, label or count as column indicates"",""pnl"":""USDT"",""run_id"":""identifier, label or count as column indicates"",""short"":""base asset units"",""spot"":""base asset units"",""strategy"":""identifier, label or count as column indicates"",""symbol"":""identifier, label or count as column indicates"",""time_ns"":""UTC nanoseconds when numeric; otherwise ISO 8601 UTC"",""timestamp_utc"":""ISO 8601 UTC""}",early
0.3053149200000000000,22672.22222222222222222222222,1225.906361318351607313600000,0,historical_assumptions,0E-27,funding:BTCUSDT:1679644800012000000,0,448.6639946236976291412516367,2082.581101944801958022151589,0.3053149200000000000,False,funding,0,run_f4151cc97937f3704d77fb14,vwap_joint,0.108,0.10800867,permanent,BTCUSDT,1679644800012000000,2023-03-24T08:00:00.012000000Z,"{""amount_usdt"":""USDT"",""average"":""USDT per base asset unit"",""collateral"":""USDT"",""collateral_change"":""USDT"",""data_kind"":""identifier, label or count as column indicates"",""debt"":""USDT"",""event_id"":""identifier, label or count as column indicates"",""fee"":""USDT"",""free_futures"":""USDT"",""free_spot"":""USDT"",""funding"":""USDT"",""funding_filter_enabled"":""boolean"",""kind"":""identifier, label or count as column indicates"",""pnl"":""USDT"",""run_id"":""identifier, label or count as column indicates"",""short"":""base asset units"",""spot"":""base asset units"",""strategy"":""identifier, label or count as column indicates"",""symbol"":""identifier, label or count as column indicates"",""time_ns"":""UTC nanoseconds when numeric; otherwise ISO 8601 UTC"",""timestamp_utc"":""ISO 8601 UTC""}",early
0.3107245760000000000,1528.399433754462055774174291,1308.298930768556642612910388,0,historical_assumptions,0E-27,funding:ETHUSDT:1679644800012000000,0,448.9747191996976291412516367,2082.581101944801958022151589,0.3107245760000000000,False,funding,0,run_f4151cc97937f3704d77fb14,vwap_joint,1.712,1.7120324,permanent,ETHUSDT,1679644800012000000,2023-03-24T08:00:00.012000000Z,"{""amount_usdt"":""USDT"",""average"":""USDT per base asset unit"",""collateral"":""USDT"",""collateral_change"":""USDT"",""data_kind"":""identifier, label or count as column indicates"",""debt"":""USDT"",""event_id"":""identifier, label or count as column indicates"",""fee"":""USDT"",""free_futures"":""USDT"",""free_spot"":""USDT"",""funding"":""USDT"",""funding_filter_enabled"":""boolean"",""kind"":""identifier, label or count as column indicates"",""pnl"":""USDT"",""run_id"":""identifier, label or count as column indicates"",""short"":""base asset units"",""spot"":""base asset units"",""strategy"":""identifier, label or count as column indicates"",""symbol"":""identifier, label or count as column indicates"",""time_ns"":""UTC nanoseconds when numeric; otherwise ISO 8601 UTC"",""timestamp_utc"":""ISO 8601 UTC""}",early
0.3037813500000000000,1548.008167792930384684066580,1296.710191604151651603373795,0,historical_assumptions,0E-26,funding:ETHUSDT:1679616000013000000,0,305.3531711739862164890188978,5842.046570982604282338795787,0.3037813500000000000,True,funding,0,run_47cc0b884944c31d9695906c,vwap_only,1.675,1.6752117,conditional,ETHUSDT,1679616000013000000,2023-03-24T00:00:00.013000000Z,"{""amount_usdt"":""USDT"",""average"":""USDT per base asset unit"",""collateral"":""USDT"",""collateral_change"":""USDT"",""data_kind"":""identifier, label or count as column indicates"",""debt"":""USDT"",""event_id"":""identifier, label or count as column indicates"",""fee"":""USDT"",""free_futures"":""USDT"",""free_spot"":""USDT"",""funding"":""USDT"",""funding_filter_enabled"":""boolean"",""kind"":""identifier, label or count as column indicates"",""pnl"":""USDT"",""run_id"":""identifier, label or count as column indicates"",""short"":""base asset units"",""spot"":""base asset units"",""strategy"":""identifier, label or count as column indicates"",""symbol"":""identifier, label or count as column indicates"",""time_ns"":""UTC nanoseconds when numeric; otherwise ISO 8601 UTC"",""timestamp_utc"":""ISO 8601 UTC""}",early
0.3040091500000000000,1548.008167792930384684066580,1296.710191604151651603373795,0,historical_assumptions,0E-26,funding:ETHUSDT:1679644800012000000,0,305.6571803239862164890188978,5842.046570982604282338795787,0.3040091500000000000,True,funding,0,run_47cc0b884944c31d9695906c,vwap_only,1.675,1.6752117,conditional,ETHUSDT,1679644800012000000,2023-03-24T08:00:00.012000000Z,"{""amount_usdt"":""USDT"",""average"":""USDT per base asset unit"",""collateral"":""USDT"",""collateral_change"":""USDT"",""data_kind"":""identifier, label or count as column indicates"",""debt"":""USDT"",""event_id"":""identifier, label or count as column indicates"",""fee"":""USDT"",""free_futures"":""USDT"",""free_spot"":""USDT"",""funding"":""USDT"",""funding_filter_enabled"":""boolean"",""kind"":""identifier, label or count as column indicates"",""pnl"":""USDT"",""run_id"":""identifier, label or count as column indicates"",""short"":""base asset units"",""spot"":""base asset units"",""strategy"":""identifier, label or count as column indicates"",""symbol"":""identifier, label or count as column indicates"",""time_ns"":""UTC nanoseconds when numeric; otherwise ISO 8601 UTC"",""timestamp_utc"":""ISO 8601 UTC""}",early
0.3139712700000000000,24018.95827338129496402877698,1335.648785611510791366906474,0,historical_assumptions,0E-27,funding:BTCUSDT:1679616000013000000,0,559.3199437218029827447922327,1623.096697982248955672800001,0.3139712700000000000,False,funding,0,run_47cc0b884944c31d9695906c,vwap_only,0.111,0.11124120,permanent,BTCUSDT,1679616000013000000,2023-03-24T00:00:00.013000000Z,"{""amount_usdt"":""USDT"",""average"":""USDT per base asset unit"",""collateral"":""USDT"",""collateral_change"":""USDT"",""data_kind"":""identifier, label or count as column indicates"",""debt"":""USDT"",""event_id"":""identifier, label or count as column indicates"",""fee"":""USDT"",""free_futures"":""USDT"",""free_spot"":""USDT"",""funding"":""USDT"",""funding_filter_enabled"":""boolean"",""kind"":""identifier, label or count as column indicates"",""pnl"":""USDT"",""run_id"":""identifier, label or count as column indicates"",""short"":""base asset units"",""spot"":""base asset units"",""strategy"":""identifier, label or count as column indicates"",""symbol"":""identifier, label or count as column indicates"",""time_ns"":""UTC nanoseconds when numeric; otherwise ISO 8601 UTC"",""timestamp_utc"":""ISO 8601 UTC""}",early
0.3095849340000000000,1528.359808796650535119871156,1304.550040862718344535886984,0,historical_assumptions,0E-27,funding:ETHUSDT:1679616000013000000,0,559.6295286558029827447922327,1623.096697982248955672800001,0.3095849340000000000,False,funding,0,run_47cc0b884944c31d9695906c,vwap_only,1.707,1.7076230,permanent,ETHUSDT,1679616000013000000,2023-03-24T00:00:00.013000000Z,"{""amount_usdt"":""USDT"",""average"":""USDT per base asset unit"",""collateral"":""USDT"",""collateral_change"":""USDT"",""data_kind"":""identifier, label or count as column indicates"",""debt"":""USDT"",""event_id"":""identifier, label or count as column indicates"",""fee"":""USDT"",""free_futures"":""USDT"",""free_spot"":""USDT"",""funding"":""USDT"",""funding_filter_enabled"":""boolean"",""kind"":""identifier, label or count as column indicates"",""pnl"":""USDT"",""run_id"":""identifier, label or count as column indicates"",""short"":""base asset units"",""spot"":""base asset units"",""strategy"":""identifier, label or count as column indicates"",""symbol"":""identifier, label or count as column indicates"",""time_ns"":""UTC nanoseconds when numeric; otherwise ISO 8601 UTC"",""timestamp_utc"":""ISO 8601 UTC""}",early
0.3137958900000000000,24018.95827338129496402877698,1335.648785611510791366906474,0,historical_assumptions,0E-27,funding:BTCUSDT:1679644800012000000,0,559.9433245458029827447922327,1623.096697982248955672800001,0.3137958900000000000,False,funding,0,run_47cc0b884944c31d9695906c,vwap_only,0.111,0.11124120,permanent,BTCUSDT,1679644800012000000,2023-03-24T08:00:00.012000000Z,"{""amount_usdt"":""USDT"",""average"":""USDT per base asset unit"",""collateral"":""USDT"",""collateral_change"":""USDT"",""data_kind"":""identifier, label or count as column indicates"",""debt"":""USDT"",""event_id"":""identifier, label or count as column indicates"",""fee"":""USDT"",""free_futures"":""USDT"",""free_spot"":""USDT"",""funding"":""USDT"",""funding_filter_enabled"":""boolean"",""kind"":""identifier, label or count as column indicates"",""pnl"":""USDT"",""run_id"":""identifier, label or count as column indicates"",""short"":""base asset units"",""spot"":""base asset units"",""strategy"":""identifier, label or count as column indicates"",""symbol"":""identifier, label or count as column indicates"",""time_ns"":""UTC nanoseconds when numeric; otherwise ISO 8601 UTC"",""timestamp_utc"":""ISO 8601 UTC""}",early
0.3098170860000000000,1528.359808796650535119871156,1304.550040862718344535886984,0,historical_assumptions,0E-27,funding:ETHUSDT:1679644800012000000,0,560.2531416318029827447922327,1623.096697982248955672800001,0.3098170860000000000,False,funding,0,run_47cc0b884944c31d9695906c,vwap_only,1.707,1.7076230,permanent,ETHUSDT,1679644800012000000,2023-03-24T08:00:00.012000000Z,"{""amount_usdt"":""USDT"",""average"":""USDT per base asset unit"",""collateral"":""USDT"",""collateral_change"":""USDT"",""data_kind"":""identifier, label or count as column indicates"",""debt"":""USDT"",""event_id"":""identifier, label or count as column indicates"",""fee"":""USDT"",""free_futures"":""USDT"",""free_spot"":""USDT"",""funding"":""USDT"",""funding_filter_enabled"":""boolean"",""kind"":""identifier, label or count as column indicates"",""pnl"":""USDT"",""run_id"":""identifier, label or count as column indicates"",""short"":""base asset units"",""spot"":""base asset units"",""strategy"":""identifier, label or count as column indicates"",""symbol"":""identifier, label or count as column indicates"",""time_ns"":""UTC nanoseconds when numeric; otherwise ISO 8601 UTC"",""timestamp_utc"":""ISO 8601 UTC""}",early
