method,strategy,symbol,open_time_utc,available_at_utc,spot,short,average,collateral,mark_close,mark_method,runtime_position_match,close_causes,source,balance,maintenance,liquidation_price,ratio,distance,liquidate,preventive
futures_scaled,conditional,BTCUSDT,2022-07-12T12:57:00.000000000Z,2022-07-12T12:58:00.000000000Z,0,0,0,0,19854.48571219,official,False,[],persisted_ledger_and_causal_mark,,,,,,,
futures_scaled,conditional,ETHUSDT,2022-07-12T12:57:00.000000000Z,2022-07-12T12:58:00.000000000Z,0,0,0,0,1070.589963129941287931823061,futures_scaled,True,[],persisted_ledger_and_causal_mark,,,,,,,
futures_scaled,conditional,BTCUSDT,2022-07-12T13:07:00.000000000Z,2022-07-12T13:08:00.000000000Z,0,0,0,0,19918.70000000,official,False,[],persisted_ledger_and_causal_mark,,,,,,,
futures_scaled,conditional,ETHUSDT,2022-07-12T13:07:00.000000000Z,2022-07-12T13:08:00.000000000Z,0,0,0,0,1075.049892087000204662585819,futures_scaled,True,[],persisted_ledger_and_causal_mark,,,,,,,
futures_scaled,conditional,BTCUSDT,2022-07-12T13:15:00.000000000Z,2022-07-12T13:16:00.000000000Z,0,0,0,0,19906,official,False,[],persisted_ledger_and_causal_mark,,,,,,,
futures_scaled,conditional,ETHUSDT,2022-07-12T13:15:00.000000000Z,2022-07-12T13:16:00.000000000Z,0,0,0,0,1076.430834806886924150767799,futures_scaled,True,[],persisted_ledger_and_causal_mark,,,,,,,
futures_scaled,conditional,BTCUSDT,2022-07-12T13:16:00.000000000Z,2022-07-12T13:17:00.000000000Z,0,0,0,0,19916.30000000,official,False,[],persisted_ledger_and_causal_mark,,,,,,,
futures_scaled,conditional,ETHUSDT,2022-07-12T13:16:00.000000000Z,2022-07-12T13:17:00.000000000Z,0,0,0,0,1076.781088878548161935784085,futures_scaled,True,[],persisted_ledger_and_causal_mark,,,,,,,
futures_scaled,conditional,BTCUSDT,2022-07-12T13:17:00.000000000Z,2022-07-12T13:18:00.000000000Z,0,0,0,0,19915.42238191,official,False,[],persisted_ledger_and_causal_mark,,,,,,,
futures_scaled,conditional,ETHUSDT,2022-07-12T13:17:00.000000000Z,2022-07-12T13:18:00.000000000Z,0,0,0,0,1075.460130665425779432294090,futures_scaled,True,[],persisted_ledger_and_causal_mark,,,,,,,
futures_scaled,conditional,BTCUSDT,2022-07-12T13:18:00.000000000Z,2022-07-12T13:19:00.000000000Z,0,0,0,0,19898.20000000,official,False,[],persisted_ledger_and_causal_mark,,,,,,,
futures_scaled,conditional,ETHUSDT,2022-07-12T13:18:00.000000000Z,2022-07-12T13:19:00.000000000Z,0,0,0,0,1076.360783992554676593764541,futures_scaled,True,[],persisted_ledger_and_causal_mark,,,,,,,
futures_scaled,conditional,BTCUSDT,2022-07-12T13:19:00.000000000Z,2022-07-12T13:20:00.000000000Z,0,0,0,0,19909.19947294,official,False,[],persisted_ledger_and_causal_mark,,,,,,,
futures_scaled,conditional,ETHUSDT,2022-07-12T13:19:00.000000000Z,2022-07-12T13:20:00.000000000Z,0,0,0,0,1076.881161470451372731503025,futures_scaled,True,[],persisted_ledger_and_causal_mark,,,,,,,
futures_scaled,conditional,BTCUSDT,2022-07-12T13:20:00.000000000Z,2022-07-12T13:21:00.000000000Z,0,0,0,0,19919.50000000,official,False,[],persisted_ledger_and_causal_mark,,,,,,,
futures_scaled,conditional,ETHUSDT,2022-07-12T13:20:00.000000000Z,2022-07-12T13:21:00.000000000Z,0,0,0,0,1076.040551698464402047463937,futures_scaled,True,[],persisted_ledger_and_causal_mark,,,,,,,
futures_scaled,conditional,BTCUSDT,2022-07-12T13:21:00.000000000Z,2022-07-12T13:22:00.000000000Z,0,0,0,0,19907.57458687,official,False,[],persisted_ledger_and_causal_mark,,,,,,,
futures_scaled,conditional,ETHUSDT,2022-07-12T13:21:00.000000000Z,2022-07-12T13:22:00.000000000Z,0,0,0,0,1075.680290367612843182875756,futures_scaled,True,[],persisted_ledger_and_causal_mark,,,,,,,
futures_scaled,conditional,BTCUSDT,2022-07-12T13:52:00.000000000Z,2022-07-12T13:53:00.000000000Z,0,0,0,0,19853.10000000,official,False,[],persisted_ledger_and_causal_mark,,,,,,,
futures_scaled,conditional,ETHUSDT,2022-07-12T13:52:00.000000000Z,2022-07-12T13:53:00.000000000Z,0,0,0,0,1071.779410166643327265088923,futures_scaled,True,[],persisted_ledger_and_causal_mark,,,,,,,
futures_scaled,conditional,BTCUSDT,2022-07-13T06:59:00.000000000Z,2022-07-13T07:00:00.000000000Z,0,0,0,0,19529.80000000,official,False,[],persisted_ledger_and_causal_mark,,,,,,,
futures_scaled,conditional,ETHUSDT,2022-07-13T06:59:00.000000000Z,2022-07-13T07:00:00.000000000Z,0,0,0,0,1061.040045263376270674990098,futures_scaled,True,[],persisted_ledger_and_causal_mark,,,,,,,
futures_scaled,conditional,BTCUSDT,2024-08-12T10:02:00.000000000Z,2024-08-12T10:03:00.000000000Z,0.05300678,0.053,62839.54279508029626945117670,1665.391455354141656662665066,58287.89117834583831635668822,futures_scaled,True,[],persisted_ledger_and_causal_mark,1906.628991041067928176672955,12.35703292980931772306761790,93886.47717607677514364386663,0.006481089392783261633190071417,0.6107372436722490287654929263,False,False
futures_scaled,conditional,ETHUSDT,2024-08-12T10:02:00.000000000Z,2024-08-12T10:03:00.000000000Z,0.0000560,0.000,0,0E-24,2597.629735338345864661654134,futures_scaled,True,[],persisted_ledger_and_causal_mark,,,,,,,
futures_scaled,conditional,BTCUSDT,2024-08-12T10:03:00.000000000Z,2024-08-12T10:04:00.000000000Z,0.05300678,0.053,62839.54279508029626945117670,1665.391455354141656662665066,58232.32264116708687299819921,futures_scaled,True,[],persisted_ledger_and_causal_mark,1909.574123511541754674672873,12.34525239992742241707561823,93886.47717607677514364386663,0.006464924428922177864506812809,0.6122742991828414380655588621,False,False
futures_scaled,conditional,ETHUSDT,2024-08-12T10:03:00.000000000Z,2024-08-12T10:04:00.000000000Z,0.0000560,0.000,0,0E-24,2594.013763909774436090225563,futures_scaled,True,[],persisted_ledger_and_causal_mark,,,,,,,
futures_scaled,permanent,BTCUSDT,2022-07-12T12:57:00.000000000Z,2022-07-12T12:58:00.000000000Z,0.14600377,0.146,28309.78150684931506849315068,2068.013650000000000000000000,19854.48571219,official,False,[],persisted_ledger_and_causal_mark,3302.486836020259999999999999,11.59501965591896,42305.03840801178846258800414,0.003510996479819981093580609563,1.130754682909660504473265837,False,False
futures_scaled,permanent,ETHUSDT,2022-07-12T12:57:00.000000000Z,2022-07-12T12:58:00.000000000Z,0.0000690,0.000,0,0E-24,1070.589963129941287931823061,futures_scaled,True,[],persisted_ledger_and_causal_mark,,,,,,,
futures_scaled,permanent,BTCUSDT,2022-07-12T13:07:00.000000000Z,2022-07-12T13:08:00.000000000Z,0.14600377,0.146,28309.78150684931506849315068,2068.013650000000000000000000,19918.70000000,official,False,[],persisted_ledger_and_causal_mark,3293.111549999999999999999999,11.63252080000000,42305.03840801178846258800414,0.003532379824789111683750889035,1.123885515019142236320041174,False,False
futures_scaled,permanent,ETHUSDT,2022-07-12T13:07:00.000000000Z,2022-07-12T13:08:00.000000000Z,0.0000690,0.000,0,0E-24,1075.049892087000204662585819,futures_scaled,True,[],persisted_ledger_and_causal_mark,,,,,,,
futures_scaled,permanent,BTCUSDT,2022-07-12T13:15:00.000000000Z,2022-07-12T13:16:00.000000000Z,0.14600377,0.146,28309.78150684931506849315068,2068.013650000000000000000000,19906,official,False,[],persisted_ledger_and_causal_mark,3294.965749999999999999999999,11.625104,42305.03840801178846258800414,0.003528141074000541583778222885,1.125240550990243567898523266,False,False
futures_scaled,permanent,ETHUSDT,2022-07-12T13:15:00.000000000Z,2022-07-12T13:16:00.000000000Z,0.0000690,0.000,0,0E-24,1076.430834806886924150767799,futures_scaled,True,[],persisted_ledger_and_causal_mark,,,,,,,
futures_scaled,permanent,BTCUSDT,2022-07-12T13:16:00.000000000Z,2022-07-12T13:17:00.000000000Z,0.14600377,0.146,28309.78150684931506849315068,2068.013650000000000000000000,19916.30000000,official,False,[],persisted_ledger_and_causal_mark,3293.461949999999999999999999,11.63111920000000,42305.03840801178846258800414,0.003531578435269306815583522987,1.124141452378794678860431111,False,False
futures_scaled,permanent,ETHUSDT,2022-07-12T13:16:00.000000000Z,2022-07-12T13:17:00.000000000Z,0.0000690,0.000,0,0E-24,1076.781088878548161935784085,futures_scaled,True,[],persisted_ledger_and_causal_mark,,,,,,,
futures_scaled,permanent,BTCUSDT,2022-07-12T13:17:00.000000000Z,2022-07-12T13:18:00.000000000Z,0.14600377,0.146,28309.78150684931506849315068,2068.013650000000000000000000,19915.42238191,official,False,[],persisted_ledger_and_causal_mark,3293.590082241139999999999999,11.63060667103544,42305.03840801178846258800414,0.003531285430371874016142402964,1.124235057471801384049624334,False,False
futures_scaled,permanent,ETHUSDT,2022-07-12T13:17:00.000000000Z,2022-07-12T13:18:00.000000000Z,0.0000690,0.000,0,0E-24,1075.460130665425779432294090,futures_scaled,True,[],persisted_ledger_and_causal_mark,,,,,,,
futures_scaled,permanent,BTCUSDT,2022-07-12T13:18:00.000000000Z,2022-07-12T13:19:00.000000000Z,0.14600377,0.146,28309.78150684931506849315068,2068.013650000000000000000000,19898.20000000,official,False,[],persisted_ledger_and_causal_mark,3296.104549999999999999999999,11.62054880000000,42305.03840801178846258800414,0.003525540110673977255970233105,1.126073635203776646258857793,False,False
futures_scaled,permanent,ETHUSDT,2022-07-12T13:18:00.000000000Z,2022-07-12T13:19:00.000000000Z,0.0000690,0.000,0,0E-24,1076.360783992554676593764541,futures_scaled,True,[],persisted_ledger_and_causal_mark,,,,,,,
futures_scaled,permanent,BTCUSDT,2022-07-12T13:19:00.000000000Z,2022-07-12T13:20:00.000000000Z,0.14600377,0.146,28309.78150684931506849315068,2068.013650000000000000000000,19909.19947294,official,False,[],persisted_ledger_and_causal_mark,3294.498626950759999999999999,11.62697249219696,42305.03840801178846258800414,0.003529208480186365615858056524,1.124899017939498566380372819,False,False
futures_scaled,permanent,ETHUSDT,2022-07-12T13:19:00.000000000Z,2022-07-12T13:20:00.000000000Z,0.0000690,0.000,0,0E-24,1076.881161470451372731503025,futures_scaled,True,[],persisted_ledger_and_causal_mark,,,,,,,
futures_scaled,permanent,BTCUSDT,2022-07-12T13:20:00.000000000Z,2022-07-12T13:21:00.000000000Z,0.14600377,0.146,28309.78150684931506849315068,2068.013650000000000000000000,19919.50000000,official,False,[],persisted_ledger_and_causal_mark,3292.994749999999999999999999,11.63298800000000,42305.03840801178846258800414,0.003532646992528609406376976460,1.123800216271080522231381518,False,False
futures_scaled,permanent,ETHUSDT,2022-07-12T13:20:00.000000000Z,2022-07-12T13:21:00.000000000Z,0.0000690,0.000,0,0E-24,1076.040551698464402047463937,futures_scaled,True,[],persisted_ledger_and_causal_mark,,,,,,,
futures_scaled,permanent,BTCUSDT,2022-07-12T13:21:00.000000000Z,2022-07-12T13:22:00.000000000Z,0.14600377,0.146,28309.78150684931506849315068,2068.013650000000000000000000,19907.57458687,official,False,[],persisted_ledger_and_causal_mark,3294.735860316979999999999999,11.62602355873208,42305.03840801178846258800414,0.003528666348874948458154584459,1.125072455381580727656706061,False,False
futures_scaled,permanent,ETHUSDT,2022-07-12T13:21:00.000000000Z,2022-07-12T13:22:00.000000000Z,0.0000690,0.000,0,0E-24,1075.680290367612843182875756,futures_scaled,True,[],persisted_ledger_and_causal_mark,,,,,,,
futures_scaled,permanent,BTCUSDT,2022-07-12T13:52:00.000000000Z,2022-07-12T13:53:00.000000000Z,0.14600377,0.146,28309.78150684931506849315068,2068.013650000000000000000000,19853.10000000,official,False,[],persisted_ledger_and_causal_mark,3302.689149999999999999999999,11.59421040000000,42305.03840801178846258800414,0.003510536376092191419225754263,1.130903405917050156529106494,False,False
futures_scaled,permanent,ETHUSDT,2022-07-12T13:52:00.000000000Z,2022-07-12T13:53:00.000000000Z,0.0000690,0.000,0,0E-24,1071.779410166643327265088923,futures_scaled,True,[],persisted_ledger_and_causal_mark,,,,,,,
futures_scaled,permanent,BTCUSDT,2022-07-13T06:59:00.000000000Z,2022-07-13T07:00:00.000000000Z,0.15600376,0.156,27731.21858974358974358974358,2164.685650000000000000000000,19529.80000000,official,False,[],persisted_ledger_and_causal_mark,3444.106949999999999999999998,12.18659520000000,41441.64208550413729696598221,0.003538390467229828620740131199,1.121969609801643503618366917,False,False
futures_scaled,permanent,ETHUSDT,2022-07-13T06:59:00.000000000Z,2022-07-13T07:00:00.000000000Z,0.0000690,0.000,0,0E-24,1061.040045263376270674990098,futures_scaled,True,[],persisted_ledger_and_causal_mark,,,,,,,
futures_scaled,permanent,BTCUSDT,2024-08-12T10:02:00.000000000Z,2024-08-12T10:03:00.000000000Z,0.05900933,0.059,60764.90041320200251575671986,1793.739328493475895084933460,58287.89117834583831635668822,futures_scaled,True,[],persisted_ledger_and_causal_mark,1939.882873349989582849535327,13.75594231808961784266017842,90804.04573017074150034742272,0.007091120039806547484267780596,0.5578543655376705721559834126,False,False
futures_scaled,permanent,ETHUSDT,2024-08-12T10:02:00.000000000Z,2024-08-12T10:03:00.000000000Z,1.1900866,1.190,3217.165400087905548690834751,1914.349087983394981649404313,2597.629735338345864661654134,futures_scaled,True,[],persisted_ledger_and_causal_mark,2651.596529035371005644129247,20.09266600284210526315789472,4794.696584877291374629193993,0.007577572901014337875273073169,0.8457967737471921375376497551,False,False
futures_scaled,permanent,BTCUSDT,2024-08-12T10:03:00.000000000Z,2024-08-12T10:04:00.000000000Z,0.05900933,0.059,60764.90041320200251575671986,1793.739328493475895084933460,58232.32264116708687299819921,futures_scaled,True,[],persisted_ledger_and_causal_mark,1943.161417043535918007686178,13.74282814331543250202757501,90804.04573017074150034742272,0.007072406863771898768968509566,0.5593409572500413515811028163,False,False
futures_scaled,permanent,ETHUSDT,2024-08-12T10:03:00.000000000Z,2024-08-12T10:04:00.000000000Z,1.1900866,1.190,3217.165400087905548690834751,1914.349087983394981649404313,2594.013763909774436090225563,futures_scaled,True,[],persisted_ledger_and_causal_mark,2655.899535035371005644129247,20.06469646384210526315789473,4794.696584877291374629193993,0.007554764854301947695041978035,0.8483697548507154251454354759,False,False
last_official,conditional,BTCUSDT,2022-07-12T12:57:00.000000000Z,2022-07-12T12:58:00.000000000Z,0,0,0,0,19854.48571219,official,False,[],persisted_ledger_and_causal_mark,,,,,,,
last_official,conditional,ETHUSDT,2022-07-12T12:57:00.000000000Z,2022-07-12T12:58:00.000000000Z,0,0,0,0,1071.38000000,last_official,True,[],persisted_ledger_and_causal_mark,,,,,,,
last_official,conditional,BTCUSDT,2022-07-12T13:07:00.000000000Z,2022-07-12T13:08:00.000000000Z,0,0,0,0,19918.70000000,official,False,[],persisted_ledger_and_causal_mark,,,,,,,
last_official,conditional,ETHUSDT,2022-07-12T13:07:00.000000000Z,2022-07-12T13:08:00.000000000Z,0,0,0,0,1074.65000000,last_official,True,[],persisted_ledger_and_causal_mark,,,,,,,
last_official,conditional,BTCUSDT,2022-07-12T13:15:00.000000000Z,2022-07-12T13:16:00.000000000Z,0,0,0,0,19906,official,False,[],persisted_ledger_and_causal_mark,,,,,,,
last_official,conditional,ETHUSDT,2022-07-12T13:15:00.000000000Z,2022-07-12T13:16:00.000000000Z,0,0,0,0,1075.28000000,last_official,True,[],persisted_ledger_and_causal_mark,,,,,,,
last_official,conditional,BTCUSDT,2022-07-12T13:16:00.000000000Z,2022-07-12T13:17:00.000000000Z,0,0,0,0,19916.30000000,official,False,[],persisted_ledger_and_causal_mark,,,,,,,
last_official,conditional,ETHUSDT,2022-07-12T13:16:00.000000000Z,2022-07-12T13:17:00.000000000Z,0,0,0,0,1075.28000000,last_official,True,[],persisted_ledger_and_causal_mark,,,,,,,
last_official,conditional,BTCUSDT,2022-07-12T13:17:00.000000000Z,2022-07-12T13:18:00.000000000Z,0,0,0,0,19915.42238191,official,False,[],persisted_ledger_and_causal_mark,,,,,,,
last_official,conditional,ETHUSDT,2022-07-12T13:17:00.000000000Z,2022-07-12T13:18:00.000000000Z,0,0,0,0,1075.28000000,last_official,True,[],persisted_ledger_and_causal_mark,,,,,,,
last_official,conditional,BTCUSDT,2022-07-12T13:18:00.000000000Z,2022-07-12T13:19:00.000000000Z,0,0,0,0,19898.20000000,official,False,[],persisted_ledger_and_causal_mark,,,,,,,
last_official,conditional,ETHUSDT,2022-07-12T13:18:00.000000000Z,2022-07-12T13:19:00.000000000Z,0,0,0,0,1075.28000000,last_official,True,[],persisted_ledger_and_causal_mark,,,,,,,
last_official,conditional,BTCUSDT,2022-07-12T13:19:00.000000000Z,2022-07-12T13:20:00.000000000Z,0,0,0,0,19909.19947294,official,False,[],persisted_ledger_and_causal_mark,,,,,,,
last_official,conditional,ETHUSDT,2022-07-12T13:19:00.000000000Z,2022-07-12T13:20:00.000000000Z,0,0,0,0,1075.28000000,last_official,True,[],persisted_ledger_and_causal_mark,,,,,,,
last_official,conditional,BTCUSDT,2022-07-12T13:20:00.000000000Z,2022-07-12T13:21:00.000000000Z,0,0,0,0,19919.50000000,official,False,[],persisted_ledger_and_causal_mark,,,,,,,
last_official,conditional,ETHUSDT,2022-07-12T13:20:00.000000000Z,2022-07-12T13:21:00.000000000Z,0,0,0,0,1075.28000000,last_official,True,[],persisted_ledger_and_causal_mark,,,,,,,
last_official,conditional,BTCUSDT,2022-07-12T13:21:00.000000000Z,2022-07-12T13:22:00.000000000Z,0,0,0,0,19907.57458687,official,False,[],persisted_ledger_and_causal_mark,,,,,,,
last_official,conditional,ETHUSDT,2022-07-12T13:21:00.000000000Z,2022-07-12T13:22:00.000000000Z,0,0,0,0,1075.28000000,last_official,True,[],persisted_ledger_and_causal_mark,,,,,,,
last_official,conditional,BTCUSDT,2022-07-12T13:52:00.000000000Z,2022-07-12T13:53:00.000000000Z,0,0,0,0,19853.10000000,official,False,[],persisted_ledger_and_causal_mark,,,,,,,
last_official,conditional,ETHUSDT,2022-07-12T13:52:00.000000000Z,2022-07-12T13:53:00.000000000Z,0,0,0,0,1070.61000000,last_official,True,[],persisted_ledger_and_causal_mark,,,,,,,
last_official,conditional,BTCUSDT,2022-07-13T06:59:00.000000000Z,2022-07-13T07:00:00.000000000Z,0,0,0,0,19529.80000000,official,False,[],persisted_ledger_and_causal_mark,,,,,,,
last_official,conditional,ETHUSDT,2022-07-13T06:59:00.000000000Z,2022-07-13T07:00:00.000000000Z,0,0,0,0,1060.56000000,last_official,True,[],persisted_ledger_and_causal_mark,,,,,,,
last_official,conditional,BTCUSDT,2024-08-12T10:02:00.000000000Z,2024-08-12T10:03:00.000000000Z,0.05300678,0.053,62839.54279508029626945117670,1665.391455354141656662665066,58269.46845611,last_official,True,[],persisted_ledger_and_causal_mark,1907.605395319567358943577431,12.35312731269532,93886.47717607677514364386663,0.006475724666644638930178006950,0.6112465011894588343610722118,False,False
last_official,conditional,ETHUSDT,2024-08-12T10:02:00.000000000Z,2024-08-12T10:03:00.000000000Z,0.0000560,0.000,0,0E-24,2597.79000000,last_official,True,[],persisted_ledger_and_causal_mark,,,,,,,
last_official,conditional,BTCUSDT,2024-08-12T10:03:00.000000000Z,2024-08-12T10:04:00.000000000Z,0.05300678,0.053,62839.54279508029626945117670,1665.391455354141656662665066,58269.46845611,last_official,True,[],persisted_ledger_and_causal_mark,1907.605395319567358943577431,12.35312731269532,93886.47717607677514364386663,0.006475724666644638930178006950,0.6112465011894588343610722118,False,False
last_official,conditional,ETHUSDT,2024-08-12T10:03:00.000000000Z,2024-08-12T10:04:00.000000000Z,0.0000560,0.000,0,0E-24,2597.79000000,last_official,True,[],persisted_ledger_and_causal_mark,,,,,,,
last_official,permanent,BTCUSDT,2022-07-12T12:57:00.000000000Z,2022-07-12T12:58:00.000000000Z,0.14600377,0.146,28309.78150684931506849315068,2068.013650000000000000000000,19854.48571219,official,False,[],persisted_ledger_and_causal_mark,3302.486836020259999999999999,11.59501965591896,42305.03840801178846258800414,0.003510996479819981093580609563,1.130754682909660504473265837,False,False
last_official,permanent,ETHUSDT,2022-07-12T12:57:00.000000000Z,2022-07-12T12:58:00.000000000Z,0.0000690,0.000,0,0E-24,1071.38000000,last_official,True,[],persisted_ledger_and_causal_mark,,,,,,,
last_official,permanent,BTCUSDT,2022-07-12T13:07:00.000000000Z,2022-07-12T13:08:00.000000000Z,0.14600377,0.146,28309.78150684931506849315068,2068.013650000000000000000000,19918.70000000,official,False,[],persisted_ledger_and_causal_mark,3293.111549999999999999999999,11.63252080000000,42305.03840801178846258800414,0.003532379824789111683750889035,1.123885515019142236320041174,False,False
last_official,permanent,ETHUSDT,2022-07-12T13:07:00.000000000Z,2022-07-12T13:08:00.000000000Z,0.0000690,0.000,0,0E-24,1074.65000000,last_official,True,[],persisted_ledger_and_causal_mark,,,,,,,
last_official,permanent,BTCUSDT,2022-07-12T13:15:00.000000000Z,2022-07-12T13:16:00.000000000Z,0.14600377,0.146,28309.78150684931506849315068,2068.013650000000000000000000,19906,official,False,[],persisted_ledger_and_causal_mark,3294.965749999999999999999999,11.625104,42305.03840801178846258800414,0.003528141074000541583778222885,1.125240550990243567898523266,False,False
last_official,permanent,ETHUSDT,2022-07-12T13:15:00.000000000Z,2022-07-12T13:16:00.000000000Z,0.0000690,0.000,0,0E-24,1075.28000000,last_official,True,[],persisted_ledger_and_causal_mark,,,,,,,
last_official,permanent,BTCUSDT,2022-07-12T13:16:00.000000000Z,2022-07-12T13:17:00.000000000Z,0.14600377,0.146,28309.78150684931506849315068,2068.013650000000000000000000,19916.30000000,official,False,[],persisted_ledger_and_causal_mark,3293.461949999999999999999999,11.63111920000000,42305.03840801178846258800414,0.003531578435269306815583522987,1.124141452378794678860431111,False,False
last_official,permanent,ETHUSDT,2022-07-12T13:16:00.000000000Z,2022-07-12T13:17:00.000000000Z,0.0000690,0.000,0,0E-24,1075.28000000,last_official,True,[],persisted_ledger_and_causal_mark,,,,,,,
last_official,permanent,BTCUSDT,2022-07-12T13:17:00.000000000Z,2022-07-12T13:18:00.000000000Z,0.14600377,0.146,28309.78150684931506849315068,2068.013650000000000000000000,19915.42238191,official,False,[],persisted_ledger_and_causal_mark,3293.590082241139999999999999,11.63060667103544,42305.03840801178846258800414,0.003531285430371874016142402964,1.124235057471801384049624334,False,False
last_official,permanent,ETHUSDT,2022-07-12T13:17:00.000000000Z,2022-07-12T13:18:00.000000000Z,0.0000690,0.000,0,0E-24,1075.28000000,last_official,True,[],persisted_ledger_and_causal_mark,,,,,,,
last_official,permanent,BTCUSDT,2022-07-12T13:18:00.000000000Z,2022-07-12T13:19:00.000000000Z,0.14600377,0.146,28309.78150684931506849315068,2068.013650000000000000000000,19898.20000000,official,False,[],persisted_ledger_and_causal_mark,3296.104549999999999999999999,11.62054880000000,42305.03840801178846258800414,0.003525540110673977255970233105,1.126073635203776646258857793,False,False
last_official,permanent,ETHUSDT,2022-07-12T13:18:00.000000000Z,2022-07-12T13:19:00.000000000Z,0.0000690,0.000,0,0E-24,1075.28000000,last_official,True,[],persisted_ledger_and_causal_mark,,,,,,,
last_official,permanent,BTCUSDT,2022-07-12T13:19:00.000000000Z,2022-07-12T13:20:00.000000000Z,0.14600377,0.146,28309.78150684931506849315068,2068.013650000000000000000000,19909.19947294,official,False,[],persisted_ledger_and_causal_mark,3294.498626950759999999999999,11.62697249219696,42305.03840801178846258800414,0.003529208480186365615858056524,1.124899017939498566380372819,False,False
last_official,permanent,ETHUSDT,2022-07-12T13:19:00.000000000Z,2022-07-12T13:20:00.000000000Z,0.0000690,0.000,0,0E-24,1075.28000000,last_official,True,[],persisted_ledger_and_causal_mark,,,,,,,
last_official,permanent,BTCUSDT,2022-07-12T13:20:00.000000000Z,2022-07-12T13:21:00.000000000Z,0.14600377,0.146,28309.78150684931506849315068,2068.013650000000000000000000,19919.50000000,official,False,[],persisted_ledger_and_causal_mark,3292.994749999999999999999999,11.63298800000000,42305.03840801178846258800414,0.003532646992528609406376976460,1.123800216271080522231381518,False,False
last_official,permanent,ETHUSDT,2022-07-12T13:20:00.000000000Z,2022-07-12T13:21:00.000000000Z,0.0000690,0.000,0,0E-24,1075.28000000,last_official,True,[],persisted_ledger_and_causal_mark,,,,,,,
last_official,permanent,BTCUSDT,2022-07-12T13:21:00.000000000Z,2022-07-12T13:22:00.000000000Z,0.14600377,0.146,28309.78150684931506849315068,2068.013650000000000000000000,19907.57458687,official,False,[],persisted_ledger_and_causal_mark,3294.735860316979999999999999,11.62602355873208,42305.03840801178846258800414,0.003528666348874948458154584459,1.125072455381580727656706061,False,False
last_official,permanent,ETHUSDT,2022-07-12T13:21:00.000000000Z,2022-07-12T13:22:00.000000000Z,0.0000690,0.000,0,0E-24,1075.28000000,last_official,True,[],persisted_ledger_and_causal_mark,,,,,,,
last_official,permanent,BTCUSDT,2022-07-12T13:52:00.000000000Z,2022-07-12T13:53:00.000000000Z,0.14600377,0.146,28309.78150684931506849315068,2068.013650000000000000000000,19853.10000000,official,False,[],persisted_ledger_and_causal_mark,3302.689149999999999999999999,11.59421040000000,42305.03840801178846258800414,0.003510536376092191419225754263,1.130903405917050156529106494,False,False
last_official,permanent,ETHUSDT,2022-07-12T13:52:00.000000000Z,2022-07-12T13:53:00.000000000Z,0.0000690,0.000,0,0E-24,1070.61000000,last_official,True,[],persisted_ledger_and_causal_mark,,,,,,,
last_official,permanent,BTCUSDT,2022-07-13T06:59:00.000000000Z,2022-07-13T07:00:00.000000000Z,0.15600376,0.156,27731.21858974358974358974358,2164.685650000000000000000000,19529.80000000,official,False,[],persisted_ledger_and_causal_mark,3444.106949999999999999999998,12.18659520000000,41441.64208550413729696598221,0.003538390467229828620740131199,1.121969609801643503618366917,False,False
last_official,permanent,ETHUSDT,2022-07-13T06:59:00.000000000Z,2022-07-13T07:00:00.000000000Z,0.0000690,0.000,0,0E-24,1060.56000000,last_official,True,[],persisted_ledger_and_causal_mark,,,,,,,
last_official,permanent,BTCUSDT,2024-08-12T10:02:00.000000000Z,2024-08-12T10:03:00.000000000Z,0.05900933,0.059,60764.90041320200251575671986,1793.739328493475895084933460,58269.46845611,last_official,True,[],persisted_ledger_and_causal_mark,1940.969813961904043514579932,13.75159455564196,90804.04573017074150034742272,0.007084909026777820041866600444,0.5583469033798821605810674375,False,False
last_official,permanent,ETHUSDT,2024-08-12T10:02:00.000000000Z,2024-08-12T10:03:00.000000000Z,1.1900866,1.190,3217.165400087905548690834751,1914.349087983394981649404313,2597.79000000,last_official,True,[],persisted_ledger_and_causal_mark,2651.405814088002584591497667,20.093905650000000,4794.696584877291374629193993,0.007578585497260686360059938768,0.8456829015729875681364521355,False,False
last_official,permanent,BTCUSDT,2024-08-12T10:03:00.000000000Z,2024-08-12T10:04:00.000000000Z,0.05900933,0.059,60764.90041320200251575671986,1793.739328493475895084933460,58269.46845611,last_official,True,[],persisted_ledger_and_causal_mark,1940.969813961904043514579932,13.75159455564196,90804.04573017074150034742272,0.007084909026777820041866600444,0.5583469033798821605810674375,False,False
last_official,permanent,ETHUSDT,2024-08-12T10:03:00.000000000Z,2024-08-12T10:04:00.000000000Z,1.1900866,1.190,3217.165400087905548690834751,1914.349087983394981649404313,2597.79000000,last_official,True,[],persisted_ledger_and_causal_mark,2651.405814088002584591497667,20.093905650000000,4794.696584877291374629193993,0.007578585497260686360059938768,0.8456829015729875681364521355,False,False
